area_sqft,bedrooms,bathrooms,age,parking,location,price
1200,3,3,5,0,Mumbai,45050000.0
650,1,1,10,0,Mumbai,13519999.999999998
950,2,2,3,0,Mumbai,24000000.0
2200,4,4,2,0,Mumbai,110000000.0
750,2,2,12,0,Mumbai,16550000.0
1800,3,3,8,0,Mumbai,75000000.0
1100,2,2,15,0,Mumbai,21000000.0
850,2,2,6,0,Mumbai,18500000.0
1300,3,3,20,0,Mumbai,38000000.0
700,1,1,4,0,Mumbai,14550000.0
1500,3,2,25,0,Mumbai,85000000.0
600,1,1,2,0,Mumbai,11500000.0
1400,3,3,5,0,Mumbai,52000000.0
1050,2,2,7,0,Mumbai,19500000.0
1600,3,3,12,0,Mumbai,58000000.0
900,2,2,4,0,Mumbai,21000000.0
800,2,1,18,0,Mumbai,23000000.0
1700,3,3,10,0,Mumbai,69000000.0
750,2,2,14,0,Mumbai,17000000.0
1250,3,2,6,0,Mumbai,31000000.0
2100,4,4,3,0,Mumbai,98000000.0
550,1,1,11,0,Mumbai,9500000.0
650,2,1,15,0,Mumbai,12000000.0
1150,2,2,9,0,Mumbai,28500000.0
780,2,2,5,0,Mumbai,14000000.0
2500,4,5,7,0,Mumbai,145000000.0
1350,3,3,4,0,Mumbai,36000000.0
1000,2,2,22,0,Mumbai,32000000.0
600,1,1,8,0,Mumbai,7500000.0
950,2,2,18,0,Mumbai,19000000.0
1400,3,3,6,0,Mumbai,42000000.0
1100,2,2,12,0,Mumbai,31000000.0
850,2,2,20,0,Mumbai,20500000.0
750,2,2,10,0,Mumbai,6500000.0
550,1,1,15,0,Mumbai,4500000.0
3200,5,5,1,0,Mumbai,220000000.0
920,2,2,10,0,Mumbai,17500000.0
1200,3,3,5,0,Mumbai,40500000.0
2800,5,6,28,0,Mumbai,180000000.0
580,1,1,12,0,Mumbai,11000000.0
1650,3,3,14,0,Mumbai,55000000.0
2400,4,4,5,0,Mumbai,125000000.0
820,2,2,8,0,Mumbai,16000000.0
680,2,1,13,0,Mumbai,10500000.0
450,1,1,25,0,Mumbai,6500000.0
720,2,2,14,0,Mumbai,12500000.0
1100,2,2,4,0,Mumbai,29000000.0
1550,3,3,18,0,Mumbai,62000000.0
3500,5,6,25,0,Mumbai,280000000.0
2600,4,4,22,0,Mumbai,195000000.0
2000,3,3,30,0,Mumbai,150000000.0
3800,6,6,20,0,Mumbai,420000000.0
3300,5,5,15,0,Mumbai,350000000.0
4000,6,7,10,0,Mumbai,550000000.0
2900,4,4,25,0,Mumbai,240000000.0
1800,3,3,22,0,Mumbai,88000000.0
1400,2,2,15,0,Mumbai,65000000.0
1600,3,3,2,0,Mumbai,72000000.0
900,2,2,25,0,Mumbai,32000000.0
1100,2,2,20,0,Mumbai,39000000.0
750,2,1,30,0,Mumbai,26000000.0
500,1,1,30,0,Mumbai,18000000.0
1200,2,2,28,0,Mumbai,55000000.0
1800,3,3,25,0,Mumbai,140000000.0
1600,3,3,28,0,Mumbai,120000000.0
2200,4,4,30,0,Mumbai,165000000.0
950,2,2,8,0,Mumbai,21000000.0
600,1,1,20,0,Mumbai,10500000.0
1050,3,2,15,0,Mumbai,26000000.0
700,2,1,25,0,Mumbai,14000000.0
550,1,1,10,0,Mumbai,9500000.0
450,1,1,15,0,Mumbai,5500000.0
1300,3,3,3,0,Mumbai,48000000.0
650,1,1,20,0,Mumbai,14500000.0
720,2,2,18,0,Mumbai,16500000.0
680,1,1,22,0,Mumbai,13500000.0
800,2,2,25,0,Mumbai,18500000.0
750,2,2,28,0,Mumbai,19500000.0
550,1,1,30,0,Mumbai,15500000.0
1400,3,3,28,0,Mumbai,68000000.0
1100,2,2,25,0,Mumbai,52000000.0
850,2,2,22,0,Mumbai,34000000.0
1900,3,3,12,0,Mumbai,95000000.0
1300,3,2,18,0,Mumbai,48000000.0
1500,3,3,25,0,Mumbai,62000000.0
2400,4,4,28,0,Mumbai,185000000.0
1200,2,2,25,0,Mumbai,55000000.0
1700,3,3,22,0,Mumbai,82000000.0
1450,3,3,25,0,Mumbai,71000000.0
2100,4,4,20,0,Mumbai,115000000.0
3500,5,5,18,0,Mumbai,380000000.0
2700,4,4,15,0,Mumbai,260000000.0
1150,2,2,6,0,Mumbai,38000000.0
1650,3,3,8,0,Mumbai,64000000.0
900,2,2,15,0,Mumbai,28000000.0
1350,3,3,12,0,Mumbai,45000000.0
1400,3,2,25,0,Mumbai,65000000.0
1100,2,2,15,0,Mumbai,42000000.0
950,2,2,20,0,Mumbai,36000000.0
800,2,1,22,0,Mumbai,29000000.0
1200,3,2,18,0,Mumbai,48000000.0
1050,2,2,15,0,Mumbai,41000000.0
1350,3,3,12,0,Mumbai,52000000.0
1100,2,2,5,0,Mumbai,34000000.0
950,2,2,7,0,Mumbai,29000000.0
850,2,2,8,0,Mumbai,26000000.0
750,2,1,4,0,Mumbai,21000000.0
820,2,2,12,0,Mumbai,19500000.0
600,1,1,25,0,Mumbai,13500000.0
700,2,1,22,0,Mumbai,15500000.0
650,1,1,25,0,Mumbai,14500000.0
1100,2,2,15,0,Mumbai,28000000.0
1400,3,3,22,0,Mumbai,48000000.0
850,2,2,25,0,Mumbai,23000000.0
1050,2,2,12,0,Mumbai,31000000.0
900,2,2,20,0,Mumbai,27000000.0
500,1,1,30,0,Mumbai,11000000.0
450,1,1,30,0,Mumbai,9500000.0
550,1,1,30,0,Mumbai,14000000.0
600,1,1,30,0,Mumbai,18000000.0
580,1,1,30,0,Mumbai,16500000.0
1000,2,2,30,0,Mumbai,35000000.0
720,2,1,30,0,Mumbai,21000000.0
800,2,2,30,0,Mumbai,25000000.0
650,2,1,30,0,Mumbai,18000000.0
1200,3,3,5,0,Mumbai,22000000.0
950,2,2,8,0,Mumbai,19500000.0
1050,2,2,12,0,Mumbai,18500000.0
600,1,1,25,0,Mumbai,9500000.0
850,2,2,15,0,Mumbai,16500000.0
1300,3,3,6,0,Mumbai,38000000.0
1800,3,3,12,0,Mumbai,65000000.0
1500,3,3,18,0,Mumbai,52000000.0
1200,2,2,20,0,Mumbai,39000000.0
2200,4,4,10,0,Mumbai,95000000.0
1600,3,3,15,0,Mumbai,58000000.0
1100,2,2,18,0,Mumbai,29000000.0
2500,4,4,12,0,Mumbai,120000000.0
2100,4,4,15,0,Mumbai,95000000.0
1900,3,3,20,0,Mumbai,82000000.0
1300,3,2,22,0,Mumbai,48000000.0
900,2,2,18,0,Mumbai,31000000.0
1050,2,2,12,0,Mumbai,34000000.0
1250,3,3,20,0,Mumbai,42000000.0
1400,3,3,15,0,Mumbai,49000000.0
750,2,1,25,0,Mumbai,18500000.0
1000,2,2,10,0,Mumbai,22500000.0
850,2,2,15,0,Mumbai,16500000.0
950,2,2,12,0,Mumbai,19000000.0
800,2,2,18,0,Mumbai,15500000.0
720,2,1,20,0,Mumbai,11500000.0
600,1,1,25,0,Mumbai,9000000.0
780,2,2,12,0,Mumbai,14000000.0
850,2,1,28,0,Mumbai,15000000.0
1300,3,3,15,0,Mumbai,35000000.0
1150,2,2,10,0,Mumbai,24000000.0
900,2,2,22,0,Mumbai,17500000.0
1050,2,2,18,0,Mumbai,19500000.0
500,1,1,25,0,Mumbai,6500000.0
400,1,1,28,0,Mumbai,4500000.0
680,2,1,20,0,Mumbai,10500000.0
750,2,2,12,0,Mumbai,13500000.0
620,1,1,25,0,Mumbai,9500000.0
650,2,1,22,0,Mumbai,11000000.0
1200,3,3,30,0,Mumbai,22000000.0
880,2,2,5,0,Mumbai,17500000.0
920,2,2,6,0,Mumbai,19000000.0
1600,3,3,10,0,Mumbai,55000000.0
1100,2,2,8,0,Mumbai,26000000.0
750,2,1,15,0,Mumbai,13000000.0
900,2,2,12,0,Mumbai,18500000.0
1050,2,2,20,0,Mumbai,23000000.0
1000,2,2,18,0,Mumbai,21500000.0
1300,3,3,10,0,Mumbai,32000000.0
650,1,1,25,0,Mumbai,11500000.0
950,2,2,15,0,Mumbai,19000000.0
1150,3,2,22,0,Mumbai,26500000.0
800,2,2,18,0,Mumbai,17000000.0
1000,2,2,20,0,Mumbai,19500000.0
1200,3,3,15,0,Mumbai,28000000.0
600,1,1,25,0,Mumbai,9500000.0
850,2,2,22,0,Mumbai,16500000.0
1100,2,2,10,0,Mumbai,24000000.0
1350,3,3,25,0,Mumbai,44000000.0
1000,2,2,20,0,Mumbai,31000000.0
850,2,1,28,0,Mumbai,26000000.0
800,2,2,12,0,Mumbai,15500000.0
950,2,2,8,0,Mumbai,18500000.0
1200,3,3,5,0,Mumbai,29000000.0
700,2,1,25,0,Mumbai,12000000.0
550,1,1,28,0,Mumbai,8500000.0
780,2,2,15,0,Mumbai,14500000.0
500,1,1,30,0,Mumbai,7500000.0
1100,2,2,10,0,Mumbai,22000000.0
1000,2,2,12,0,Mumbai,21000000.0
750,2,1,18,0,Mumbai,13500000.0
820,2,2,15,0,Mumbai,15500000.0
2400,4,4,12,0,Mumbai,125000000.0
3000,5,5,15,0,Mumbai,210000000.0
2600,4,4,20,0,Mumbai,180000000.0
2800,4,4,18,0,Mumbai,220000000.0
1800,3,3,15,0,Mumbai,85000000.0
1500,3,3,22,0,Mumbai,65000000.0
1300,3,3,25,0,Mumbai,55000000.0
700,2,1,30,0,Mumbai,22000000.0
900,2,2,28,0,Mumbai,31000000.0
1100,2,2,20,0,Mumbai,39000000.0
1250,3,3,12,0,Mumbai,41000000.0
1400,3,3,8,0,Mumbai,58000000.0
3500,5,6,25,0,Mumbai,280000000.0
1650,3,3,18,0,Mumbai,72000000.0
1200,2,2,25,0,Mumbai,48000000.0
1100,2,2,28,0,Mumbai,42000000.0
850,2,1,30,0,Mumbai,28000000.0
750,2,1,30,0,Mumbai,25000000.0
600,1,1,30,0,Mumbai,19000000.0
1350,3,3,15,0,Mumbai,52000000.0
1550,3,3,12,0,Mumbai,61000000.0
1700,3,3,14,0,Mumbai,68000000.0
700,2,1,25,0,Mumbai,18000000.0
1900,3,3,10,0,Mumbai,85000000.0
2100,4,4,15,0,Mumbai,110000000.0
800,2,1,30,0,Mumbai,24000000.0
1100,2,2,25,0,Mumbai,38000000.0
1450,3,3,20,0,Mumbai,55000000.0
2200,4,4,5,0,Mumbai,82000000.0
1800,3,3,8,0,Mumbai,62000000.0
1400,3,3,12,0,Mumbai,45000000.0
1100,2,2,15,0,Mumbai,31000000.0
1250,3,2,6,0,Mumbai,38000000.0
950,2,2,18,0,Mumbai,24000000.0
700,2,1,22,0,Mumbai,14500000.0
1350,3,3,2,0,Mumbai,48000000.0
1500,3,3,4,0,Mumbai,52000000.0
1150,2,2,10,0,Mumbai,29000000.0
1050,2,2,15,0,Mumbai,26000000.0
1200,3,3,25,0,Mumbai,32000000.0
650,1,1,28,0,Mumbai,15000000.0
800,2,1,25,0,Mumbai,19000000.0
950,2,2,20,0,Mumbai,24000000.0
1300,3,3,25,0,Mumbai,45000000.0
1100,2,2,18,0,Mumbai,38000000.0
1500,3,3,30,0,Mumbai,75000000.0
1400,3,3,28,0,Mumbai,68000000.0
2000,4,4,30,0,Mumbai,110000000.0
1100,2,2,25,0,Mumbai,42000000.0
1000,2,2,28,0,Mumbai,39000000.0
1350,3,3,25,0,Mumbai,52000000.0
900,2,2,30,0,Mumbai,32000000.0
850,2,1,22,0,Mumbai,21000000.0
600,1,1,20,0,Mumbai,11000000.0
550,1,1,25,0,Mumbai,9500000.0
820,2,2,12,0,Mumbai,17000000.0
950,2,2,20,0,Mumbai,21500000.0
780,2,1,25,0,Mumbai,14500000.0
1050,2,2,18,0,Mumbai,19500000.0
1100,2,2,6,0,Mumbai,23000000.0
880,2,1,10,0,Mumbai,17500000.0
650,1,1,28,0,Mumbai,12500000.0
600,1,1,30,0,Mumbai,10500000.0
900,2,2,12,0,Mumbai,13000000.0
800,2,2,15,0,Mumbai,11000000.0
850,2,2,8,0,Mumbai,12500000.0
1000,2,2,10,0,Mumbai,16500000.0
1300,3,3,15,0,Mumbai,35000000.0
1150,2,2,12,0,Mumbai,29000000.0
950,2,2,20,0,Mumbai,19500000.0
1200,3,2,18,0,Mumbai,28000000.0
1500,3,3,10,0,Mumbai,48000000.0
1400,3,3,12,0,Mumbai,39000000.0
1100,2,2,8,0,Mumbai,18500000.0
850,2,1,10,0,Mumbai,9500000.0
800,2,2,12,0,Mumbai,8500000.0
1050,2,2,5,0,Mumbai,11500000.0
1250,3,3,8,0,Mumbai,15500000.0
900,2,2,4,0,Mumbai,10500000.0
800,2,1,5,0,Mumbai,8500000.0
700,2,1,6,0,Mumbai,6500000.0
950,2,2,10,0,Mumbai,8500000.0
1000,2,2,25,0,Mumbai,22000000.0
1200,3,3,28,0,Mumbai,35000000.0
750,2,1,30,0,Mumbai,14500000.0
1100,2,2,22,0,Mumbai,28000000.0
550,1,1,30,0,Mumbai,9500000.0
620,1,1,28,0,Mumbai,11000000.0
1350,3,3,15,0,Mumbai,42000000.0
1450,3,3,12,0,Mumbai,48000000.0
1100,2,2,8,0,Mumbai,29500000.0
800,2,2,20,0,Mumbai,16500000.0
950,2,2,25,0,Mumbai,24000000.0
1100,2,2,18,0,Mumbai,27500000.0
780,2,1,22,0,Mumbai,15500000.0
850,2,2,25,0,Mumbai,19500000.0
1400,3,3,28,0,Mumbai,55000000.0
1000,2,2,15,0,Mumbai,21000000.0
720,2,1,25,0,Mumbai,13500000.0
650,1,1,28,0,Mumbai,11500000.0
1100,2,2,12,0,Mumbai,24000000.0
850,2,2,20,0,Mumbai,18500000.0
600,1,1,25,0,Mumbai,9500000.0
750,2,1,22,0,Mumbai,12500000.0
820,2,2,15,0,Mumbai,14500000.0
1050,2,2,6,0,Mumbai,22500000.0
680,1,1,28,0,Mumbai,13500000.0
900,2,2,25,0,Mumbai,26000000.0
700,2,1,30,0,Mumbai,14000000.0
850,2,2,28,0,Mumbai,23000000.0
1200,3,2,30,0,Mumbai,42000000.0
1150,2,2,10,0,Mumbai,38000000.0
1000,2,2,22,0,Mumbai,29000000.0
950,2,2,25,0,Mumbai,32000000.0
800,2,2,28,0,Mumbai,35000000.0
900,2,2,30,0,Mumbai,42000000.0
1100,2,2,28,0,Mumbai,55000000.0
1500,3,3,30,0,Mumbai,110000000.0
1300,3,2,30,0,Mumbai,95000000.0
600,1,1,30,0,Mumbai,22000000.0
700,2,1,30,0,Mumbai,24000000.0
750,2,2,28,0,Mumbai,21000000.0
680,1,1,30,0,Mumbai,16500000.0
720,2,1,28,0,Mumbai,18500000.0
1100,2,2,12,0,Mumbai,32000000.0
950,2,2,18,0,Mumbai,26000000.0
800,2,1,25,0,Mumbai,18500000.0
650,1,1,28,0,Mumbai,12500000.0
600,1,1,30,0,Mumbai,11000000.0
720,2,1,25,0,Mumbai,14500000.0
850,2,2,22,0,Mumbai,19500000.0
680,1,1,25,0,Mumbai,11500000.0
550,1,1,30,0,Mumbai,8500000.0
1200,3,3,15,0,Mumbai,38000000.0
1100,2,2,18,0,Mumbai,29000000.0
1000,2,2,20,0,Mumbai,22000000.0
1300,3,3,12,0,Mumbai,35000000.0
1400,3,3,10,0,Mumbai,42000000.0
1500,3,3,8,0,Mumbai,55000000.0
1150,2,2,12,0,Mumbai,21000000.0
900,2,1,10,0,Mumbai,12500000.0
1000,2,2,8,0,Mumbai,14500000.0
1250,3,3,12,0,Mumbai,19500000.0
1200,3,3,10,0,Mumbai,18500000.0
1450,3,3,6,0,Mumbai,42000000.0
880,2,2,15,0,Mumbai,16500000.0
950,2,2,8,0,Mumbai,21000000.0
720,2,1,25,0,Mumbai,14500000.0
1100,2,2,20,0,Mumbai,29500000.0
850,2,2,22,0,Mumbai,19500000.0
700,2,1,30,0,Mumbai,13500000.0
1000,2,2,25,0,Mumbai,26000000.0
1200,3,2,28,0,Mumbai,45000000.0
1400,3,3,25,0,Mumbai,65000000.0
1150,2,2,15,0,Mumbai,39000000.0
900,2,2,18,0,Mumbai,28000000.0
780,2,1,25,0,Mumbai,19500000.0
1100,2,2,22,0,Mumbai,32000000.0
820,2,2,28,0,Mumbai,24500000.0
580,1,1,30,0,Mumbai,17500000.0
1500,3,3,30,0,Mumbai,125000000.0
1300,3,3,15,0,Mumbai,48000000.0
950,2,2,18,0,Mumbai,24500000.0
1100,2,2,12,0,Mumbai,28500000.0
1050,2,2,15,0,Mumbai,26000000.0
1000,2,2,18,0,Mumbai,23000000.0
1200,3,2,20,0,Mumbai,38000000.0
850,2,1,22,0,Mumbai,17500000.0
750,2,1,15,0,Mumbai,10500000.0
850,2,2,12,0,Mumbai,12500000.0
650,1,1,10,0,Mumbai,6500000.0
1000,2,2,15,0,Mumbai,11500000.0
780,2,1,12,0,Mumbai,7500000.0
900,2,2,10,0,Mumbai,9500000.0
1450,3,3,22,0,Mumbai,58000000.0
1350,3,3,25,0,Mumbai,55000000.0
1600,3,3,18,0,Mumbai,78000000.0
1500,3,3,22,0,Mumbai,85000000.0
1100,2,2,28,0,Mumbai,42000000.0
1250,3,2,25,0,Mumbai,49000000.0
1400,3,3,28,0,Mumbai,68000000.0
1050,2,2,12,0,Mumbai,34000000.0
1300,3,3,8,0,Mumbai,52000000.0
1600,3,3,10,0,Mumbai,75000000.0
1200,2,2,15,0,Mumbai,48000000.0
1100,2,2,25,0,Mumbai,45000000.0
1350,3,3,28,0,Mumbai,65000000.0
1550,3,3,30,0,Mumbai,85000000.0
1800,3,3,30,0,Mumbai,140000000.0
1100,2,2,8,0,Mumbai,31000000.0
1000,2,2,10,0,Mumbai,28000000.0
950,2,2,12,0,Mumbai,24000000.0
850,2,1,15,0,Mumbai,19500000.0
1200,3,3,6,0,Mumbai,38000000.0
1150,2,2,5,0,Mumbai,29000000.0
1300,3,3,4,0,Mumbai,42000000.0
1600,3,3,10,0,Mumbai,65000000.0
700,2,1,30,0,Mumbai,22000000.0
850,2,1,30,0,Mumbai,28000000.0
600,1,1,30,0,Mumbai,16500000.0
900,2,1,30,0,Mumbai,32000000.0
750,2,1,30,0,Mumbai,21000000.0
800,2,2,30,0,Mumbai,24500000.0
1100,2,2,30,0,Mumbai,45000000.0
850,2,1,30,0,Mumbai,19500000.0
950,2,2,30,0,Mumbai,28000000.0
1000,2,2,30,0,Mumbai,22000000.0
600,1,1,30,0,Mumbai,9500000.0
1100,2,2,20,0,Mumbai,21000000.0
720,2,1,25,0,Mumbai,11500000.0
800,2,2,22,0,Mumbai,14500000.0
950,2,2,18,0,Mumbai,28000000.0
780,2,1,25,0,Mumbai,15500000.0
820,2,2,20,0,Mumbai,18500000.0
880,2,2,22,0,Mumbai,17000000.0
1050,2,2,18,0,Mumbai,23000000.0
1200,3,3,15,0,Mumbai,21000000.0
900,2,2,12,0,Mumbai,10500000.0
850,2,1,15,0,Mumbai,7500000.0
750,2,1,10,0,Mumbai,5500000.0
700,2,1,12,0,Mumbai,5200000.0
950,2,2,15,0,Mumbai,8500000.0
820,2,1,10,0,Mumbai,7500000.0
1000,2,2,12,0,Mumbai,9500000.0
880,2,1,15,0,Mumbai,6500000.0
800,2,1,12,0,Mumbai,5500000.0
950,2,2,10,0,Mumbai,6500000.0
750,2,1,15,0,Mumbai,4500000.0
850,2,2,12,0,Mumbai,4800000.0
900,2,2,10,0,Mumbai,5200000.0
800,2,1,12,0,Mumbai,4200000.0
700,2,1,15,0,Mumbai,3800000.0
850,2,2,10,0,Mumbai,4500000.0
650,1,1,20,0,Mumbai,3200000.0
720,2,1,15,0,Mumbai,3800000.0
780,2,1,12,0,Mumbai,4200000.0
1000,2,2,10,0,Mumbai,6500000.0
850,2,1,15,0,Mumbai,4800000.0
1100,2,2,8,0,Mumbai,7500000.0
900,2,1,12,0,Mumbai,5500000.0
1200,3,3,10,0,Mumbai,8500000.0
950,2,2,10,0,Mumbai,6500000.0
1050,2,2,12,0,Mumbai,7500000.0
1100,3,2,25,0,Mumbai,8500000.0
850,2,1,15,0,Mumbai,6800000.0
1200,3,3,10,0,Mumbai,7500000.0
1150,3,3,12,0,Mumbai,7200000.0
800,2,1,15,0,Mumbai,4500000.0
900,2,2,10,0,Mumbai,5500000.0
850,2,1,8,0,Mumbai,5200000.0
780,2,1,12,0,Mumbai,4800000.0
820,2,2,10,0,Mumbai,4500000.0
750,2,1,15,0,Mumbai,4200000.0
700,2,1,12,0,Mumbai,3800000.0
650,1,1,15,0,Mumbai,3500000.0
720,2,1,10,0,Mumbai,3800000.0
1100,2,2,12,0,Mumbai,12500000.0
800,2,1,15,0,Mumbai,8500000.0
950,2,2,12,0,Mumbai,14500000.0
900,2,1,10,0,Mumbai,13500000.0
1000,2,2,18,0,Mumbai,19500000.0
1250,3,3,15,0,Mumbai,35000000.0
1100,2,2,12,0,Mumbai,28000000.0
1050,2,2,10,0,Mumbai,24500000.0
1200,3,2,18,0,Mumbai,31000000.0
950,2,1,22,0,Mumbai,19500000.0
1300,3,3,15,0,Mumbai,45000000.0
1400,3,3,25,0,Mumbai,58000000.0
1250,3,2,22,0,Mumbai,52000000.0
1500,3,3,18,0,Mumbai,75000000.0
1600,3,3,25,0,Mumbai,85000000.0
1150,2,2,28,0,Mumbai,42000000.0
1200,2,2,30,0,Mumbai,48000000.0
1500,3,3,25,0,Mumbai,75000000.0
1100,2,2,12,0,Mumbai,38000000.0
950,2,2,15,0,Mumbai,29000000.0
850,2,1,25,0,Mumbai,21000000.0
1200,3,3,22,0,Mumbai,35000000.0
800,2,1,28,0,Mumbai,22000000.0
600,1,1,30,0,Mumbai,16500000.0
1400,3,3,30,0,Mumbai,110000000.0
1700,3,3,5,0,Mumbai,65000000.0
1500,3,2,8,0,Mumbai,52000000.0
1300,3,3,10,0,Mumbai,45000000.0
1100,2,2,12,0,Mumbai,29000000.0
950,2,2,15,0,Mumbai,22000000.0
1050,2,2,18,0,Mumbai,24500000.0
850,2,1,22,0,Mumbai,16500000.0
750,2,1,25,0,Mumbai,14500000.0
1200,2,2,30,0,Mumbai,35000000.0
1150,2,2,28,0,Mumbai,31000000.0
1400,3,3,25,0,Mumbai,48000000.0
1650,3,3,4,0,Mumbai,75000000.0
1250,2,2,3,0,Mumbai,58000000.0
950,2,1,2,0,Mumbai,42000000.0
1800,3,3,5,0,Mumbai,85000000.0
2200,4,4,10,0,Mumbai,110000000.0
2000,4,4,15,0,Mumbai,55000000.0
1500,3,3,12,0,Mumbai,24500000.0
1700,3,3,10,0,Mumbai,29500000.0
2400,4,4,5,0,Mumbai,150000000.0
3000,4,5,2,0,Mumbai,280000000.0
1800,3,3,3,0,Mumbai,110000000.0
1500,3,3,6,0,Mumbai,65000000.0
3500,5,5,5,0,Mumbai,450000000.0
2100,4,4,5,0,Mumbai,120000000.0
1400,3,3,6,0,Mumbai,55000000.0
1600,3,3,8,0,Mumbai,75000000.0
1200,3,2,12,0,Mumbai,32000000.0
1500,3,3,8,0,Mumbai,48000000.0
1800,3,3,5,0,Mumbai,65000000.0
1450,3,3,15,0,Mumbai,52000000.0
1100,2,2,10,0,Mumbai,21000000.0
1350,3,3,5,0,Mumbai,38000000.0
1250,3,3,12,0,Mumbai,45000000.0
2500,4,4,3,0,Mumbai,140000000.0
1300,3,3,4,0,Mumbai,35000000.0
1500,3,3,2,0,Mumbai,55000000.0
1100,2,2,5,0,Mumbai,28000000.0
1050,2,2,12,0,Mumbai,22000000.0
1400,3,3,10,0,Mumbai,34000000.0
1600,3,3,8,0,Mumbai,45000000.0
1200,3,3,5,0,Mumbai,31000000.0
1800,3,3,4,0,Mumbai,75000000.0
2200,4,4,8,0,Mumbai,125000000.0
2800,4,5,6,0,Mumbai,210000000.0
1400,3,3,10,0,Mumbai,48000000.0
1150,2,2,5,0,Mumbai,29000000.0
1050,2,2,8,0,Mumbai,22000000.0
1100,2,2,6,0,Mumbai,27500000.0
1250,3,3,10,0,Mumbai,32000000.0
3200,5,5,4,0,Mumbai,280000000.0
2800,4,4,10,0,Mumbai,220000000.0
1400,3,3,12,0,Mumbai,35000000.0
1150,2,2,8,0,Mumbai,28000000.0
1300,3,3,15,0,Mumbai,45000000.0
1600,3,3,5,0,Mumbai,42000000.0
1100,2,2,12,0,Mumbai,32000000.0
2100,4,4,12,0,Mumbai,95000000.0
1800,3,3,15,0,Mumbai,75000000.0
1650,3,3,2,0,Mumbai,65000000.0
1450,3,2,1,0,Mumbai,72000000.0
1150,2,2,3,0,Mumbai,26000000.0
1350,3,3,8,0,Mumbai,38000000.0
1100,2,2,5,0,Mumbai,24500000.0
1000,2,2,6,0,Mumbai,31000000.0
3500,5,6,5,0,Mumbai,350000000.0
1500,3,3,7,0,Mumbai,39000000.0
950,2,2,10,0,Mumbai,18500000.0
1100,2,2,5,0,Mumbai,29500000.0
850,2,2,3,0,Mumbai,11500000.0
2400,4,4,8,0,Mumbai,125000000.0
1800,3,3,10,0,Mumbai,48000000.0
1400,3,3,12,0,Mumbai,35000000.0
2200,4,4,15,0,Mumbai,95000000.0
1250,3,2,8,0,Mumbai,32000000.0
1350,3,3,6,0,Mumbai,38000000.0
1450,3,3,5,0,Mumbai,42000000.0
1100,2,2,10,0,Mumbai,35000000.0
2100,4,4,12,0,Mumbai,85000000.0
1300,3,3,15,0,Mumbai,48000000.0
1600,3,3,8,0,Mumbai,65000000.0
1800,3,3,6,0,Mumbai,78000000.0
1400,3,3,20,0,Mumbai,65000000.0
2500,4,4,25,0,Mumbai,185000000.0
2200,4,4,15,0,Mumbai,150000000.0
2800,4,5,28,0,Mumbai,240000000.0
1200,3,2,22,0,Mumbai,48000000.0
1100,2,2,18,0,Mumbai,39000000.0
1500,3,3,20,0,Mumbai,75000000.0
1600,3,3,15,0,Mumbai,55000000.0
1400,3,3,22,0,Mumbai,48000000.0
1300,3,2,25,0,Mumbai,42000000.0
1800,3,3,18,0,Mumbai,72000000.0
1000,2,2,28,0,Mumbai,26000000.0
850,2,1,25,0,Mumbai,18500000.0
950,2,2,20,0,Mumbai,22000000.0
3000,5,5,20,0,Mumbai,180000000.0
2100,4,4,25,0,Mumbai,110000000.0
1200,3,3,15,0,Mumbai,45000000.0
1500,3,3,22,0,Mumbai,65000000.0
1400,3,3,12,0,Mumbai,48000000.0
1200,3,2,15,0,Mumbai,35000000.0
1600,3,3,10,0,Mumbai,58000000.0
1000,2,2,25,0,Mumbai,24500000.0
1300,3,3,18,0,Mumbai,38000000.0
1100,2,2,20,0,Mumbai,22000000.0
900,2,2,25,0,Mumbai,21000000.0
850,2,2,28,0,Mumbai,19500000.0
1100,3,2,22,0,Mumbai,28000000.0
1250,3,3,25,0,Mumbai,42000000.0
1050,2,2,15,0,Mumbai,22500000.0
1000,2,2,18,0,Mumbai,24500000.0
1200,3,3,20,0,Mumbai,38000000.0
1400,3,3,28,0,Mumbai,55000000.0
1150,2,2,12,0,Mumbai,39000000.0
1050,2,2,25,0,Mumbai,26500000.0
1200,3,3,15,0,Mumbai,32000000.0
1100,2,2,12,0,Mumbai,19500000.0
1300,3,3,18,0,Mumbai,35000000.0
1400,3,3,20,0,Mumbai,41000000.0
1500,3,3,15,0,Mumbai,48000000.0
950,2,2,12,0,Mumbai,14500000.0
1000,2,2,10,0,Mumbai,16500000.0
1150,2,2,8,0,Mumbai,22500000.0
1050,2,2,10,0,Mumbai,19500000.0
1200,3,3,12,0,Mumbai,16500000.0
1150,2,2,15,0,Mumbai,18500000.0
1350,3,3,10,0,Mumbai,38000000.0
900,2,2,20,0,Mumbai,16500000.0
1050,2,2,12,0,Mumbai,19500000.0
850,2,2,22,0,Mumbai,17500000.0
1200,3,3,25,0,Mumbai,31000000.0
1100,2,2,20,0,Mumbai,24500000.0
950,2,2,18,0,Mumbai,18500000.0
1300,3,3,15,0,Mumbai,35000000.0
1000,2,2,28,0,Mumbai,19500000.0
1150,2,2,30,0,Mumbai,28500000.0
1250,3,2,28,0,Mumbai,42000000.0
1400,3,3,25,0,Mumbai,65000000.0
1500,3,3,22,0,Mumbai,78000000.0
1300,3,3,20,0,Mumbai,55000000.0
1450,3,3,18,0,Mumbai,61000000.0
1350,3,3,15,0,Mumbai,52000000.0
1100,2,2,12,0,Mumbai,29500000.0
1200,3,2,10,0,Mumbai,34000000.0
1150,2,2,8,0,Mumbai,31000000.0
1050,2,2,12,0,Mumbai,26500000.0
1300,3,3,15,0,Mumbai,42000000.0
900,2,2,20,0,Mumbai,18500000.0
800,2,1,18,0,Mumbai,11500000.0
1200,3,3,12,0,Mumbai,55000000.0
1100,2,2,25,0,Mumbai,32000000.0
1250,3,3,28,0,Mumbai,48000000.0
1000,2,2,30,0,Mumbai,42000000.0
1150,2,2,28,0,Mumbai,51000000.0
1400,3,3,30,0,Mumbai,75000000.0
1600,3,3,30,0,Mumbai,120000000.0
1500,3,3,30,0,Mumbai,110000000.0
1800,3,3,10,0,Mumbai,85000000.0
1400,3,3,15,0,Mumbai,42000000.0
1300,3,2,20,0,Mumbai,38000000.0
1500,3,3,12,0,Mumbai,45000000.0
1250,3,3,10,0,Mumbai,32000000.0
1100,2,2,15,0,Mumbai,26000000.0
1200,3,2,12,0,Mumbai,29500000.0
1050,2,2,18,0,Mumbai,24500000.0
950,2,1,22,0,Mumbai,19500000.0
1100,2,2,25,0,Mumbai,21000000.0
1000,2,1,28,0,Mumbai,15500000.0
850,2,1,20,0,Mumbai,13500000.0
750,1,1,25,0,Mumbai,9500000.0
900,2,2,18,0,Mumbai,18500000.0
1050,2,2,12,0,Mumbai,21000000.0
800,2,1,20,0,Mumbai,15500000.0
1150,2,2,15,0,Mumbai,24500000.0
1250,3,3,18,0,Mumbai,22000000.0
1100,2,2,12,0,Mumbai,16500000.0
1000,2,1,15,0,Mumbai,14500000.0
1050,2,2,10,0,Mumbai,16500000.0
1150,3,2,12,0,Mumbai,19500000.0
1400,3,3,15,0,Mumbai,45000000.0
1250,2,2,12,0,Mumbai,32000000.0
1100,2,2,10,0,Mumbai,24500000.0
1350,3,3,12,0,Mumbai,38000000.0
1450,3,3,15,0,Mumbai,45000000.0
1550,3,3,10,0,Mumbai,55000000.0
1200,2,2,8,0,Mumbai,24500000.0
1300,3,3,12,0,Mumbai,19500000.0
1200,2,2,10,0,Delhi,14550000.0
850,2,2,15,0,Delhi,6520000.0
1450,3,3,8,0,Delhi,12500000.0
1800,3,3,12,0,Delhi,31000000.0
1100,2,2,20,0,Delhi,9550000.0
2400,4,4,5,0,Delhi,55000000.0
650,2,1,12,0,Delhi,3800000.0
1350,3,2,10,0,Delhi,15500000.0
450,1,1,5,0,Delhi,2240000.0
1600,3,3,7,0,Delhi,21000000.0
1250,3,2,18,0,Delhi,11500000.0
2100,4,3,15,0,Delhi,42000000.0
2800,4,4,8,0,Delhi,75000000.0
1400,3,3,10,0,Delhi,14000000.0
1200,2,2,12,0,Delhi,13500000.0
1700,3,3,14,0,Delhi,28500000.0
1150,2,2,16,0,Delhi,8500000.0
1300,3,2,25,0,Delhi,16000000.0
2200,4,4,10,0,Delhi,38000000.0
750,2,1,20,0,Delhi,4500000.0
3200,5,5,10,0,Delhi,95000000.0
2500,4,4,6,0,Delhi,62000000.0
1500,3,3,12,0,Delhi,17500000.0
900,2,2,22,0,Delhi,5500000.0
1100,2,2,14,0,Delhi,8800000.0
2000,3,3,9,0,Delhi,48000000.0
1300,3,2,20,0,Delhi,13000000.0
1050,2,2,18,0,Delhi,9200000.0
1650,3,3,11,0,Delhi,22500000.0
800,2,2,8,0,Delhi,6000000.0
3500,5,5,4,0,Delhi,120000000.0
3800,6,6,25,0,Delhi,250000000.0
1450,3,3,15,0,Delhi,24000000.0
1550,3,3,12,0,Delhi,19500000.0
550,1,1,10,0,Delhi,3200000.0
4000,5,6,12,0,Delhi,85000000.0
2600,4,4,18,0,Delhi,51000000.0
1200,2,2,20,0,Delhi,11800000.0
1750,3,3,10,0,Delhi,26500000.0
3000,4,5,22,0,Delhi,110000000.0
1400,3,2,15,0,Delhi,19000000.0
950,2,2,14,0,Delhi,7500000.0
600,2,1,8,0,Delhi,3500000.0
400,1,1,12,0,Delhi,1850000.0
1100,2,2,25,0,Delhi,12000000.0
1500,3,3,20,0,Delhi,28000000.0
1800,3,3,15,0,Delhi,34000000.0
1350,3,3,12,0,Delhi,15500000.0
2800,4,4,8,0,Delhi,72000000.0
3600,5,5,12,0,Delhi,180000000.0
1650,3,3,5,0,Delhi,16000000.0
1100,3,2,6,0,Delhi,8200000.0
700,2,2,4,0,Delhi,3800000.0
1000,3,2,10,0,Delhi,4800000.0
500,2,1,15,0,Delhi,2400000.0
2200,4,4,20,0,Delhi,41000000.0
1300,3,2,18,0,Delhi,14500000.0
1450,3,3,15,0,Delhi,17000000.0
1600,3,3,12,0,Delhi,21000000.0
2100,4,4,9,0,Delhi,49000000.0
1900,3,3,14,0,Delhi,35000000.0
2300,4,4,10,0,Delhi,51000000.0
1600,3,3,15,0,Delhi,26000000.0
1200,3,2,20,0,Delhi,11000000.0
1500,3,3,18,0,Delhi,18500000.0
1400,3,3,15,0,Delhi,16500000.0
1700,3,3,12,0,Delhi,22000000.0
2500,4,4,20,0,Delhi,68000000.0
2200,3,3,12,0,Delhi,45000000.0
2800,4,4,25,0,Delhi,71000000.0
3200,5,5,8,0,Delhi,98000000.0
3500,5,5,15,0,Delhi,150000000.0
3800,6,6,10,0,Delhi,280000000.0
3400,5,5,12,0,Delhi,140000000.0
4000,6,7,30,0,Delhi,450000000.0
3600,5,5,28,0,Delhi,320000000.0
4000,6,7,30,0,Delhi,650000000.0
4000,5,5,30,0,Delhi,620000000.0
3800,5,6,15,0,Delhi,380000000.0
3500,4,4,25,0,Delhi,310000000.0
1100,2,2,7,0,Delhi,8500000.0
900,2,2,12,0,Delhi,4850000.0
1050,3,2,5,0,Delhi,5800000.0
1200,3,3,4,0,Delhi,7200000.0
1400,3,2,6,0,Delhi,8800000.0
850,2,2,10,0,Delhi,4200000.0
750,2,1,5,0,Delhi,3200000.0
600,2,1,15,0,Delhi,3000000.0
1300,3,3,8,0,Delhi,7800000.0
1650,3,3,18,0,Delhi,22500000.0
1500,3,2,22,0,Delhi,19500000.0
950,2,1,25,0,Delhi,7500000.0
1400,3,3,30,0,Delhi,16500000.0
1800,3,3,15,0,Delhi,24500000.0
3000,4,4,30,0,Delhi,95000000.0
1100,2,2,30,0,Delhi,12000000.0
900,2,2,30,0,Delhi,28000000.0
1300,3,2,30,0,Delhi,21000000.0
1500,3,3,30,0,Delhi,25000000.0
1700,3,3,30,0,Delhi,29000000.0
3200,5,5,30,0,Delhi,120000000.0
3500,5,6,20,0,Delhi,240000000.0
4000,6,6,15,0,Delhi,350000000.0
3000,4,4,30,0,Delhi,180000000.0
3200,4,4,30,0,Delhi,210000000.0
3600,5,5,30,0,Delhi,280000000.0
4000,6,6,30,0,Delhi,550000000.0
3800,5,5,30,0,Delhi,320000000.0
4000,6,7,25,0,Delhi,600000000.0
3000,4,4,30,0,Delhi,150000000.0
2500,3,3,30,0,Delhi,95000000.0
2200,3,2,30,0,Delhi,85000000.0
2800,4,4,25,0,Delhi,110000000.0
1800,3,3,30,0,Delhi,72000000.0
2400,4,3,30,0,Delhi,88000000.0
2600,4,4,30,0,Delhi,95000000.0
2100,3,3,30,0,Delhi,82000000.0
1500,3,2,30,0,Delhi,24000000.0
3500,5,5,25,0,Delhi,180000000.0
3800,5,6,30,0,Delhi,420000000.0
3200,4,4,30,0,Delhi,290000000.0
3400,5,5,30,0,Delhi,310000000.0
1600,3,3,25,0,Delhi,32000000.0
1100,2,2,15,0,Delhi,11000000.0
800,2,1,12,0,Delhi,5200000.0
3200,5,5,15,0,Delhi,85000000.0
2800,4,4,20,0,Delhi,58000000.0
3000,5,5,22,0,Delhi,65000000.0
3500,5,6,18,0,Delhi,92000000.0
2400,4,4,12,0,Delhi,48000000.0
900,2,2,25,0,Delhi,5500000.0
1000,3,2,15,0,Delhi,6200000.0
850,2,2,20,0,Delhi,4800000.0
1100,3,2,18,0,Delhi,6800000.0
1200,3,3,12,0,Delhi,7500000.0
1050,3,2,10,0,Delhi,6500000.0
1600,3,3,22,0,Delhi,31000000.0
2200,4,4,15,0,Delhi,48000000.0
1400,3,2,28,0,Delhi,16500000.0
1800,3,3,20,0,Delhi,32000000.0
950,2,2,25,0,Delhi,6000000.0
1500,3,3,30,0,Delhi,29000000.0
1300,3,2,30,0,Delhi,25000000.0
1700,3,3,20,0,Delhi,34000000.0
800,2,1,30,0,Delhi,6500000.0
1000,2,2,30,0,Delhi,9500000.0
1100,2,2,30,0,Delhi,14000000.0
1300,3,2,25,0,Delhi,18500000.0
1500,3,3,22,0,Delhi,23000000.0
1250,3,2,20,0,Delhi,17500000.0
950,2,2,25,0,Delhi,11500000.0
1050,2,2,28,0,Delhi,12500000.0
1400,3,3,18,0,Delhi,21000000.0
1600,3,3,15,0,Delhi,26000000.0
850,2,1,30,0,Delhi,7200000.0
2000,3,3,15,0,Delhi,45000000.0
2200,4,4,12,0,Delhi,52000000.0
2400,4,4,10,0,Delhi,58000000.0
2800,4,4,15,0,Delhi,72000000.0
2000,3,3,18,0,Delhi,48000000.0
2600,4,4,20,0,Delhi,65000000.0
1200,2,2,25,0,Delhi,14000000.0
1100,2,2,28,0,Delhi,9800000.0
1300,3,2,20,0,Delhi,11500000.0
750,2,2,15,0,Delhi,4200000.0
1450,3,3,20,0,Delhi,16500000.0
1800,3,3,18,0,Delhi,28000000.0
1350,3,3,22,0,Delhi,14500000.0
1250,2,2,25,0,Delhi,13000000.0
1600,3,3,30,0,Delhi,19500000.0
1400,3,2,22,0,Delhi,15500000.0
1500,3,3,28,0,Delhi,17500000.0
1700,3,3,20,0,Delhi,21000000.0
1550,3,3,15,0,Delhi,18500000.0
1200,3,2,25,0,Delhi,13500000.0
1400,3,3,22,0,Delhi,15500000.0
1300,3,3,28,0,Delhi,14500000.0
1100,2,2,20,0,Delhi,11500000.0
1500,3,3,12,0,Delhi,18000000.0
1700,3,3,8,0,Delhi,21000000.0
2200,4,4,15,0,Delhi,48000000.0
3500,5,5,10,0,Delhi,95000000.0
4000,6,6,5,0,Delhi,150000000.0
2800,4,4,12,0,Delhi,72000000.0
700,2,1,20,0,Delhi,4200000.0
800,2,2,15,0,Delhi,4800000.0
600,2,1,25,0,Delhi,3200000.0
1000,3,2,18,0,Delhi,5800000.0
500,1,1,10,0,Delhi,2200000.0
1350,3,3,20,0,Delhi,14000000.0
450,1,1,15,0,Delhi,1800000.0
1500,3,2,25,0,Delhi,11000000.0
850,2,2,12,0,Delhi,3800000.0
950,2,2,20,0,Delhi,4500000.0
1100,3,2,15,0,Delhi,5800000.0
650,2,1,10,0,Delhi,2800000.0
700,2,2,12,0,Delhi,3200000.0
550,2,1,18,0,Delhi,2500000.0
1050,3,2,8,0,Delhi,6200000.0
1200,3,3,6,0,Delhi,7500000.0
3000,4,4,15,0,Delhi,68000000.0
1400,3,2,20,0,Delhi,19500000.0
1600,3,3,18,0,Delhi,22500000.0
1300,2,2,22,0,Delhi,17500000.0
1500,3,3,25,0,Delhi,21000000.0
1100,2,2,30,0,Delhi,9500000.0
1450,3,3,15,0,Delhi,18500000.0
900,2,2,10,0,Delhi,6800000.0
1350,3,2,25,0,Delhi,14500000.0
1550,3,3,22,0,Delhi,17500000.0
3800,5,5,12,0,Delhi,145000000.0
2800,4,4,15,0,Delhi,82000000.0
2400,4,4,20,0,Delhi,68000000.0
3200,4,4,18,0,Delhi,95000000.0
3000,4,4,22,0,Delhi,88000000.0
3500,5,5,15,0,Delhi,120000000.0
2200,3,3,25,0,Delhi,58000000.0
2100,3,3,12,0,Delhi,45000000.0
2800,4,4,18,0,Delhi,78000000.0
1600,3,3,25,0,Delhi,29000000.0
1800,3,3,28,0,Delhi,34000000.0
1400,3,3,30,0,Delhi,21000000.0
1200,2,2,25,0,Delhi,16500000.0
2500,4,4,15,0,Delhi,65000000.0
2200,4,4,12,0,Delhi,52000000.0
3000,4,4,20,0,Delhi,95000000.0
3500,5,5,18,0,Delhi,125000000.0
1100,2,2,15,0,Delhi,11500000.0
800,2,2,12,0,Delhi,5500000.0
1000,3,2,20,0,Delhi,9200000.0
950,2,1,25,0,Delhi,8500000.0
850,2,1,30,0,Delhi,7200000.0
1200,3,2,28,0,Delhi,11000000.0
4000,6,6,10,0,Delhi,250000000.0
3800,5,5,8,0,Delhi,210000000.0
3500,5,5,15,0,Delhi,180000000.0
4000,6,7,5,0,Delhi,320000000.0
1450,3,3,20,0,Delhi,18500000.0
1800,4,3,15,0,Delhi,24500000.0
1200,2,2,18,0,Delhi,14500000.0
1000,2,2,10,0,Delhi,8200000.0
750,2,2,8,0,Delhi,4500000.0
850,2,2,12,0,Delhi,5200000.0
700,2,1,15,0,Delhi,3500000.0
950,2,2,10,0,Delhi,4800000.0
1350,3,3,12,0,Delhi,11000000.0
1450,3,3,10,0,Delhi,12000000.0
1250,3,2,15,0,Delhi,10500000.0
1550,3,3,8,0,Delhi,13500000.0
1650,3,3,7,0,Delhi,14500000.0
1400,3,3,9,0,Delhi,12500000.0
1500,3,3,11,0,Delhi,13000000.0
1600,3,3,6,0,Delhi,14000000.0
1700,3,3,5,0,Delhi,15500000.0
1800,3,3,4,0,Delhi,16500000.0
1450,3,3,15,0,Delhi,12000000.0
1550,3,3,18,0,Delhi,13000000.0
1650,3,3,20,0,Delhi,14000000.0
1750,3,3,12,0,Delhi,15000000.0
1850,3,3,10,0,Delhi,16500000.0
1900,4,4,8,0,Delhi,19500000.0
2100,4,4,5,0,Delhi,22500000.0
1100,3,2,10,0,Delhi,7500000.0
950,2,2,12,0,Delhi,6800000.0
850,2,1,15,0,Delhi,5500000.0
750,2,1,20,0,Delhi,4800000.0
800,2,2,25,0,Delhi,5200000.0
1400,3,2,25,0,Delhi,14500000.0
1600,3,3,22,0,Delhi,17500000.0
1800,3,3,28,0,Delhi,21000000.0
1500,3,2,20,0,Delhi,16500000.0
1100,2,2,15,0,Delhi,9500000.0
1000,2,2,18,0,Delhi,8500000.0
1200,3,2,25,0,Delhi,11500000.0
900,2,2,30,0,Delhi,7800000.0
1150,3,2,20,0,Delhi,10500000.0
1350,3,3,15,0,Delhi,13000000.0
1050,2,2,30,0,Delhi,9200000.0
2200,4,4,15,0,Delhi,38000000.0
1400,3,3,18,0,Delhi,16500000.0
1800,3,3,20,0,Delhi,24500000.0
1250,3,2,25,0,Delhi,14000000.0
2000,4,3,12,0,Delhi,31000000.0
2500,4,4,10,0,Delhi,48000000.0
1450,3,3,8,0,Delhi,15500000.0
950,2,2,30,0,Delhi,7500000.0
2400,4,4,15,0,Delhi,45000000.0
3000,5,5,12,0,Delhi,68000000.0
1500,3,3,15,0,Delhi,16500000.0
1600,3,3,18,0,Delhi,18500000.0
1800,3,3,20,0,Delhi,22500000.0
1700,3,3,25,0,Delhi,21000000.0
1400,3,2,22,0,Delhi,15500000.0
1900,4,3,18,0,Delhi,24500000.0
1100,2,2,30,0,Delhi,9800000.0
1350,3,3,20,0,Delhi,13500000.0
1550,3,3,25,0,Delhi,16500000.0
800,2,1,12,0,Delhi,3500000.0
900,2,2,10,0,Delhi,4200000.0
1000,3,2,8,0,Delhi,5200000.0
1100,3,2,15,0,Delhi,5800000.0
1200,3,3,12,0,Delhi,6500000.0
850,2,2,10,0,Delhi,4500000.0
950,3,2,5,0,Delhi,5500000.0
1150,2,2,25,0,Delhi,9500000.0
1250,3,2,20,0,Delhi,11000000.0
1350,3,3,18,0,Delhi,12500000.0
1450,3,3,15,0,Delhi,14000000.0
1550,3,3,12,0,Delhi,16500000.0
1200,2,2,22,0,Delhi,10500000.0
1400,3,2,28,0,Delhi,13500000.0
1100,2,2,30,0,Delhi,8800000.0
1300,3,3,15,0,Delhi,12000000.0
1450,3,2,12,0,Delhi,11500000.0
1550,3,3,8,0,Delhi,13000000.0
1650,3,3,5,0,Delhi,15000000.0
1600,3,3,20,0,Delhi,21000000.0
1800,3,3,15,0,Delhi,25500000.0
1450,3,2,25,0,Delhi,18500000.0
1550,3,3,22,0,Delhi,20500000.0
1700,3,3,18,0,Delhi,24000000.0
1900,4,3,15,0,Delhi,28500000.0
1600,3,3,22,0,Delhi,22000000.0
1800,3,3,25,0,Delhi,26000000.0
2000,4,4,22,0,Delhi,32000000.0
2200,4,4,20,0,Delhi,38000000.0
2500,4,4,30,0,Delhi,52000000.0
2200,3,3,28,0,Delhi,45000000.0
2800,4,4,20,0,Delhi,65000000.0
3500,5,5,30,0,Delhi,98000000.0
2100,3,3,25,0,Delhi,31000000.0
2300,4,4,15,0,Delhi,38000000.0
1200,2,2,30,0,Delhi,16500000.0
1400,3,2,30,0,Delhi,19500000.0
1300,3,3,30,0,Delhi,18000000.0
1100,2,2,28,0,Delhi,11500000.0
900,2,2,25,0,Delhi,7500000.0
850,2,1,20,0,Delhi,6800000.0
1600,3,3,30,0,Delhi,22500000.0
1150,2,2,30,0,Delhi,14500000.0
1450,3,2,30,0,Delhi,26000000.0
1700,3,3,20,0,Delhi,34000000.0
1100,2,2,25,0,Delhi,12000000.0
1300,3,2,22,0,Delhi,16500000.0
1500,3,3,20,0,Delhi,21000000.0
750,2,1,15,0,Delhi,5500000.0
3000,4,4,25,0,Delhi,85000000.0
1200,2,2,40,0,Delhi,45000000.0
2500,4,3,30,0,Delhi,88000000.0
1800,3,3,30,0,Delhi,52000000.0
2000,3,3,30,0,Delhi,58000000.0
3500,5,5,30,0,Delhi,150000000.0
3200,4,4,30,0,Delhi,120000000.0
2200,3,2,30,0,Delhi,75000000.0
1000,2,2,30,0,Delhi,14500000.0
700,2,1,30,0,Delhi,4800000.0
1400,3,3,40,0,Delhi,19500000.0
1100,2,2,40,0,Delhi,16500000.0
2800,4,4,25,0,Delhi,62000000.0
3200,4,4,30,0,Delhi,85000000.0
3500,5,5,15,0,Delhi,110000000.0
2600,4,4,22,0,Delhi,58000000.0
1200,3,2,15,0,Delhi,8500000.0
1000,2,2,10,0,Delhi,5500000.0
850,2,2,12,0,Delhi,4200000.0
750,2,1,20,0,Delhi,3500000.0
1100,3,2,25,0,Delhi,7200000.0
1350,3,3,20,0,Delhi,10500000.0
1800,4,3,15,0,Delhi,24500000.0
1650,3,3,18,0,Delhi,21000000.0
1550,3,3,22,0,Delhi,19500000.0
1700,3,3,20,0,Delhi,22500000.0
1450,3,2,15,0,Delhi,16000000.0
1600,3,3,12,0,Delhi,19000000.0
1750,3,3,14,0,Delhi,21500000.0
1500,3,3,10,0,Delhi,14500000.0
950,2,2,20,0,Delhi,6800000.0
850,2,1,25,0,Delhi,5800000.0
900,2,2,15,0,Delhi,6200000.0
1250,3,2,20,0,Delhi,12500000.0
1050,2,2,15,0,Delhi,8200000.0
1350,3,3,12,0,Delhi,11000000.0
1450,3,3,18,0,Delhi,13500000.0
1200,2,2,22,0,Delhi,11500000.0
1000,2,2,20,0,Delhi,7200000.0
600,2,1,30,0,Delhi,3500000.0
650,2,1,25,0,Delhi,3800000.0
800,2,2,15,0,Delhi,5500000.0
900,2,2,10,0,Delhi,6000000.0
700,2,1,20,0,Delhi,4200000.0
750,2,2,15,0,Delhi,4800000.0
850,2,2,8,0,Delhi,5200000.0
550,1,1,30,0,Delhi,2800000.0
1100,3,2,25,0,Delhi,9500000.0
1200,3,2,22,0,Delhi,11000000.0
1000,2,2,30,0,Delhi,8500000.0
950,2,1,25,0,Delhi,7800000.0
800,2,2,30,0,Delhi,6500000.0
750,2,1,30,0,Delhi,5800000.0
600,2,1,20,0,Delhi,3200000.0
500,1,1,25,0,Delhi,2400000.0
550,1,1,22,0,Delhi,2600000.0
700,2,1,15,0,Delhi,3500000.0
900,2,2,10,0,Delhi,4200000.0
950,3,2,8,0,Delhi,4800000.0
800,2,2,12,0,Delhi,3800000.0
850,2,1,15,0,Delhi,4000000.0
1000,3,2,20,0,Delhi,5500000.0
900,2,2,18,0,Delhi,4500000.0
950,2,2,22,0,Delhi,4800000.0
1100,3,2,15,0,Delhi,6500000.0
1300,3,3,20,0,Delhi,11500000.0
800,2,1,25,0,Delhi,3500000.0
900,2,2,30,0,Delhi,4500000.0
1050,3,2,22,0,Delhi,6500000.0
850,2,2,25,0,Delhi,4800000.0
1150,3,2,28,0,Delhi,8200000.0
1300,3,3,25,0,Delhi,11000000.0
750,2,1,30,0,Delhi,3800000.0
800,2,2,30,0,Delhi,4200000.0
950,2,2,30,0,Delhi,5800000.0
1200,3,2,25,0,Delhi,9500000.0
600,2,1,20,0,Delhi,2800000.0
550,1,1,25,0,Delhi,2200000.0
1000,2,2,30,0,Delhi,8500000.0
1100,3,2,22,0,Delhi,9200000.0
900,2,2,30,0,Delhi,7500000.0
850,2,1,20,0,Delhi,4800000.0
800,2,2,15,0,Delhi,4200000.0
750,2,1,12,0,Delhi,3800000.0
700,2,2,10,0,Delhi,3500000.0
650,2,1,15,0,Delhi,3000000.0
900,2,2,8,0,Delhi,4500000.0
850,2,1,12,0,Delhi,4000000.0
700,2,2,15,0,Delhi,3200000.0
600,1,1,10,0,Delhi,2400000.0
950,3,2,8,0,Delhi,5200000.0
800,2,1,12,0,Delhi,3800000.0
750,2,2,15,0,Delhi,3500000.0
700,2,1,18,0,Delhi,3200000.0
650,2,2,20,0,Delhi,3000000.0
850,3,2,10,0,Delhi,4800000.0
1000,3,3,12,0,Delhi,5800000.0
1100,3,2,15,0,Delhi,6200000.0
900,2,2,10,0,Delhi,4500000.0
800,2,1,12,0,Delhi,3800000.0
850,2,2,15,0,Delhi,4200000.0
1200,3,3,8,0,Delhi,7500000.0
1050,3,2,10,0,Delhi,6500000.0
950,2,2,12,0,Delhi,5200000.0
800,2,1,15,0,Delhi,3800000.0
750,2,2,18,0,Delhi,3500000.0
900,3,2,5,0,Delhi,4800000.0
850,2,1,10,0,Delhi,4200000.0
800,2,2,12,0,Delhi,3800000.0
750,2,1,15,0,Delhi,3500000.0
700,2,2,20,0,Delhi,3200000.0
650,2,1,25,0,Delhi,3000000.0
800,2,2,15,0,Delhi,3800000.0
700,2,1,18,0,Delhi,3200000.0
1000,3,2,30,0,Delhi,5500000.0
1200,3,2,25,0,Delhi,11500000.0
1300,3,3,22,0,Delhi,14500000.0
1100,2,2,20,0,Delhi,10500000.0
2800,4,4,30,0,Delhi,65000000.0
1500,3,3,18,0,Delhi,19000000.0
2000,4,4,15,0,Delhi,32000000.0
2200,4,4,12,0,Delhi,41000000.0
1600,3,3,15,0,Delhi,22500000.0
1400,3,2,18,0,Delhi,18500000.0
3000,5,5,10,0,Delhi,72000000.0
2100,3,3,15,0,Delhi,34000000.0
2500,4,4,12,0,Delhi,52000000.0
1100,2,2,30,0,Delhi,9500000.0
1300,3,2,20,0,Delhi,13500000.0
1200,3,2,25,0,Delhi,11500000.0
1450,3,3,15,0,Delhi,17500000.0
900,2,2,30,0,Delhi,7200000.0
950,2,2,28,0,Delhi,7800000.0
1250,3,2,30,0,Delhi,12000000.0
1050,2,2,22,0,Delhi,9500000.0
1150,3,2,25,0,Delhi,10500000.0
1350,3,3,18,0,Delhi,14500000.0
1100,2,2,20,0,Delhi,11000000.0
1000,2,2,30,0,Delhi,8500000.0
850,2,1,25,0,Delhi,6500000.0
1100,2,2,30,0,Delhi,9800000.0
950,2,2,30,0,Delhi,8200000.0
700,2,1,30,0,Delhi,4500000.0
1000,2,2,15,0,Delhi,6500000.0
900,2,2,12,0,Delhi,4800000.0
850,2,1,10,0,Delhi,3800000.0
750,2,1,15,0,Delhi,3200000.0
800,2,2,8,0,Delhi,3500000.0
700,2,1,12,0,Delhi,3000000.0
950,3,2,5,0,Delhi,4200000.0
1050,3,2,10,0,Delhi,5500000.0
1150,3,3,12,0,Delhi,6800000.0
1250,3,2,8,0,Delhi,7500000.0
1800,3,3,5,0,Bangalore,25000000.0
1250,2,2,3,0,Bangalore,8550000.0
1500,3,3,6,0,Bangalore,13500000.0
2200,4,4,12,0,Bangalore,31000000.0
1050,2,2,4,0,Bangalore,5520000.0
2400,4,4,15,0,Bangalore,35000000.0
1350,3,2,7,0,Bangalore,9500000.0
1650,3,3,2,0,Bangalore,14550000.0
1400,3,2,8,0,Bangalore,11000000.0
1200,2,2,4,0,Bangalore,8200000.0
1900,3,3,20,0,Bangalore,27500000.0
1100,2,2,10,0,Bangalore,7850000.0
1300,3,2,12,0,Bangalore,10500000.0
1550,3,3,3,0,Bangalore,9800000.0
2100,4,3,18,0,Bangalore,29000000.0
1450,3,3,5,0,Bangalore,11500000.0
1600,3,3,7,0,Bangalore,12500000.0
1000,2,2,12,0,Bangalore,6500000.0
2500,4,4,25,0,Bangalore,38000000.0
1750,3,3,6,0,Bangalore,15500000.0
2000,3,3,22,0,Bangalore,29500000.0
1850,3,3,15,0,Bangalore,26000000.0
1400,3,2,8,0,Bangalore,10200000.0
1150,2,2,4,0,Bangalore,7250000.0
1250,2,2,5,0,Bangalore,7800000.0
1450,3,2,3,0,Bangalore,9250000.0
1320,3,2,2,0,Bangalore,8800000.0
1100,2,1,10,0,Bangalore,6800000.0
1500,3,3,14,0,Bangalore,14000000.0
1650,3,3,12,0,Bangalore,17500000.0
3500,5,5,10,0,Bangalore,85000000.0
3200,4,4,15,0,Bangalore,120000000.0
2800,4,4,20,0,Bangalore,95000000.0
1700,3,3,18,0,Bangalore,22000000.0
1600,3,2,12,0,Bangalore,18500000.0
1900,3,3,10,0,Bangalore,19500000.0
1400,3,2,9,0,Bangalore,11200000.0
1200,2,2,11,0,Bangalore,7500000.0
1100,2,2,2,0,Bangalore,6200000.0
1500,3,3,1,0,Bangalore,8500000.0
1400,3,2,1,0,Bangalore,7200000.0
2200,4,4,2,0,Bangalore,12500000.0
1550,3,3,5,0,Bangalore,10800000.0
1300,3,2,6,0,Bangalore,8500000.0
1250,2,2,12,0,Bangalore,7400000.0
1450,3,3,8,0,Bangalore,11500000.0
2000,4,3,14,0,Bangalore,21000000.0
1350,2,2,15,0,Bangalore,11000000.0
1400,3,2,12,0,Bangalore,11800000.0
2600,4,4,28,0,Bangalore,45000000.0
2400,3,3,20,0,Bangalore,42000000.0
2800,4,4,25,0,Bangalore,58000000.0
1600,3,3,15,0,Bangalore,19500000.0
1500,3,2,18,0,Bangalore,18000000.0
1200,2,2,10,0,Bangalore,8800000.0
1400,3,2,22,0,Bangalore,14500000.0
1350,3,2,14,0,Bangalore,13000000.0
1550,3,3,5,0,Bangalore,12200000.0
900,2,1,20,0,Bangalore,4500000.0
1000,2,2,12,0,Bangalore,5200000.0
1400,3,2,15,0,Bangalore,9500000.0
1200,2,2,18,0,Bangalore,10500000.0
1700,3,3,10,0,Bangalore,21000000.0
3800,5,6,8,0,Bangalore,95000000.0
3200,4,4,12,0,Bangalore,75000000.0
1400,3,2,25,0,Bangalore,14500000.0
1380,3,2,9,0,Bangalore,9800000.0
1250,2,2,7,0,Bangalore,8800000.0
1100,2,2,10,0,Bangalore,7200000.0
1350,3,2,3,0,Bangalore,8950000.0
1400,3,3,2,0,Bangalore,9400000.0
1550,3,3,4,0,Bangalore,11200000.0
1450,3,2,5,0,Bangalore,10500000.0
1200,2,2,6,0,Bangalore,8400000.0
1600,3,3,4,0,Bangalore,11800000.0
1150,2,2,3,0,Bangalore,6800000.0
1500,3,3,7,0,Bangalore,12200000.0
1200,3,2,5,0,Bangalore,4500000.0
1050,2,2,4,0,Bangalore,4200000.0
1100,2,2,8,0,Bangalore,4800000.0
1250,3,2,12,0,Bangalore,7200000.0
1000,2,2,15,0,Bangalore,5800000.0
1300,3,2,6,0,Bangalore,7600000.0
1400,3,3,5,0,Bangalore,9500000.0
1150,2,2,9,0,Bangalore,6400000.0
1280,3,2,4,0,Bangalore,7450000.0
1450,3,3,3,0,Bangalore,9200000.0
1350,3,2,10,0,Bangalore,8800000.0
1200,2,2,8,0,Bangalore,7200000.0
1500,3,3,12,0,Bangalore,11500000.0
1400,3,2,14,0,Bangalore,10800000.0
1800,3,3,18,0,Bangalore,21000000.0
1550,3,3,6,0,Bangalore,14500000.0
1300,2,2,4,0,Bangalore,9800000.0
1200,2,2,20,0,Bangalore,8500000.0
1600,3,3,15,0,Bangalore,16500000.0
1150,2,2,10,0,Bangalore,6800000.0
1400,3,2,22,0,Bangalore,12500000.0
1300,2,2,28,0,Bangalore,15500000.0
2200,4,4,15,0,Bangalore,48000000.0
2000,3,3,20,0,Bangalore,32000000.0
1500,3,2,25,0,Bangalore,19000000.0
1100,2,2,18,0,Bangalore,9500000.0
1000,2,1,20,0,Bangalore,8500000.0
1600,3,3,22,0,Bangalore,17500000.0
1300,3,2,14,0,Bangalore,11500000.0
1450,3,2,25,0,Bangalore,16000000.0
1200,2,2,15,0,Bangalore,13500000.0
1150,2,2,12,0,Bangalore,8800000.0
1350,3,2,10,0,Bangalore,10200000.0
1250,2,2,14,0,Bangalore,9400000.0
1480,3,3,5,0,Bangalore,11800000.0
1300,2,2,7,0,Bangalore,9200000.0
1400,3,2,4,0,Bangalore,9800000.0
1100,2,2,8,0,Bangalore,7500000.0
1350,3,3,3,0,Bangalore,10500000.0
1280,2,2,4,0,Bangalore,9200000.0
1150,2,2,2,0,Bangalore,6500000.0
1550,3,3,4,0,Bangalore,12000000.0
1100,2,2,6,0,Bangalore,6200000.0
1300,3,2,5,0,Bangalore,8400000.0
1650,3,3,2,0,Bangalore,13500000.0
3800,5,5,10,0,Bangalore,65000000.0
1950,3,3,8,0,Bangalore,18500000.0
1600,3,3,12,0,Bangalore,14500000.0
1420,3,2,4,0,Bangalore,11000000.0
1700,3,3,10,0,Bangalore,16000000.0
2100,4,4,6,0,Bangalore,22500000.0
1100,2,2,15,0,Bangalore,6200000.0
1200,3,2,10,0,Bangalore,7500000.0
1300,3,2,5,0,Bangalore,8200000.0
1250,2,2,7,0,Bangalore,8800000.0
1750,3,3,4,0,Bangalore,13500000.0
1400,3,2,3,0,Bangalore,9200000.0
1500,3,3,8,0,Bangalore,11200000.0
1600,3,3,5,0,Bangalore,11800000.0
2200,4,4,3,0,Bangalore,14500000.0
1350,3,2,2,0,Bangalore,7800000.0
1650,3,3,4,0,Bangalore,13800000.0
1400,3,2,9,0,Bangalore,11500000.0
2400,4,4,15,0,Bangalore,26000000.0
1800,3,3,12,0,Bangalore,19500000.0
1200,2,2,14,0,Bangalore,8800000.0
1150,2,2,25,0,Bangalore,9500000.0
1450,3,3,4,0,Bangalore,10200000.0
1300,3,2,3,0,Bangalore,8400000.0
1250,2,2,2,0,Bangalore,7200000.0
1500,3,3,5,0,Bangalore,11200000.0
1320,3,2,4,0,Bangalore,9800000.0
1700,3,3,12,0,Bangalore,16500000.0
1480,3,3,6,0,Bangalore,12500000.0
1100,2,2,18,0,Bangalore,7200000.0
1200,2,2,12,0,Bangalore,8500000.0
1650,3,3,5,0,Bangalore,15500000.0
1350,3,2,15,0,Bangalore,11800000.0
1500,3,3,18,0,Bangalore,14500000.0
1200,2,2,30,0,Bangalore,16500000.0
1600,3,3,28,0,Bangalore,24500000.0
1400,2,2,25,0,Bangalore,21000000.0
2800,4,4,20,0,Bangalore,55000000.0
1500,3,2,30,0,Bangalore,22500000.0
1100,2,2,5,0,Bangalore,5800000.0
1200,3,2,8,0,Bangalore,6200000.0
1300,3,3,10,0,Bangalore,7500000.0
1050,2,2,6,0,Bangalore,5400000.0
1400,3,3,4,0,Bangalore,8800000.0
950,2,1,15,0,Bangalore,4200000.0
1150,2,2,12,0,Bangalore,6500000.0
1450,3,3,18,0,Bangalore,13500000.0
1100,2,1,20,0,Bangalore,7800000.0
1000,2,2,14,0,Bangalore,6800000.0
1150,2,2,10,0,Bangalore,6500000.0
1250,3,2,5,0,Bangalore,7200000.0
1400,3,3,12,0,Bangalore,11500000.0
1100,2,2,4,0,Bangalore,5200000.0
1600,3,3,15,0,Bangalore,14500000.0
1200,2,2,8,0,Bangalore,6800000.0
1150,2,2,12,0,Bangalore,7400000.0
1300,3,2,6,0,Bangalore,8200000.0
1250,2,2,4,0,Bangalore,7800000.0
1550,3,3,7,0,Bangalore,12500000.0
2200,4,4,14,0,Bangalore,24500000.0
1800,3,3,10,0,Bangalore,18500000.0
1650,3,3,18,0,Bangalore,16000000.0
1300,2,2,10,0,Bangalore,9500000.0
1450,3,2,22,0,Bangalore,12800000.0
1200,2,2,15,0,Bangalore,7500000.0
1100,2,1,30,0,Bangalore,8200000.0
1050,2,2,25,0,Bangalore,8800000.0
1400,3,2,30,0,Bangalore,19500000.0
1350,3,2,28,0,Bangalore,16800000.0
1200,2,2,20,0,Bangalore,11500000.0
2400,4,4,15,0,Bangalore,38000000.0
1800,3,3,25,0,Bangalore,26000000.0
1300,2,2,28,0,Bangalore,14500000.0
900,2,1,30,0,Bangalore,8500000.0
800,2,1,30,0,Bangalore,9500000.0
2100,3,3,30,0,Bangalore,34000000.0
1600,3,3,25,0,Bangalore,21000000.0
1400,2,2,28,0,Bangalore,17500000.0
1300,2,2,30,0,Bangalore,16500000.0
1250,2,2,15,0,Bangalore,11800000.0
1450,3,2,22,0,Bangalore,14500000.0
1200,2,2,10,0,Bangalore,8800000.0
1150,2,2,12,0,Bangalore,8200000.0
1350,3,2,3,0,Bangalore,7800000.0
1400,3,3,5,0,Bangalore,9800000.0
1700,3,3,12,0,Bangalore,18500000.0
1900,3,3,25,0,Bangalore,28000000.0
1500,3,2,30,0,Bangalore,19500000.0
1650,3,3,18,0,Bangalore,15500000.0
1300,2,2,12,0,Bangalore,9800000.0
1200,2,2,20,0,Bangalore,8500000.0
1100,2,1,15,0,Bangalore,7200000.0
2200,4,4,20,0,Bangalore,31000000.0
2000,3,3,22,0,Bangalore,28500000.0
1800,3,3,18,0,Bangalore,25500000.0
1600,3,2,15,0,Bangalore,21000000.0
2400,4,4,12,0,Bangalore,35000000.0
1400,2,2,25,0,Bangalore,14500000.0
1350,3,2,8,0,Bangalore,11500000.0
1200,2,2,10,0,Bangalore,7500000.0
1450,3,3,7,0,Bangalore,9500000.0
1100,2,2,20,0,Bangalore,13500000.0
1500,3,2,25,0,Bangalore,24500000.0
2200,4,4,20,0,Bangalore,41000000.0
3500,5,5,15,0,Bangalore,85000000.0
3000,4,4,10,0,Bangalore,65000000.0
2500,3,3,18,0,Bangalore,52000000.0
2100,3,3,22,0,Bangalore,44000000.0
1800,3,2,15,0,Bangalore,36000000.0
1600,2,2,12,0,Bangalore,29500000.0
1900,3,3,20,0,Bangalore,38500000.0
1650,3,3,8,0,Bangalore,16500000.0
1800,3,3,6,0,Bangalore,18500000.0
1750,3,3,10,0,Bangalore,17500000.0
1550,3,2,12,0,Bangalore,14500000.0
1450,2,2,15,0,Bangalore,13500000.0
2100,4,4,7,0,Bangalore,24500000.0
2400,4,4,10,0,Bangalore,29500000.0
1100,2,2,12,0,Bangalore,8200000.0
1200,2,2,14,0,Bangalore,8800000.0
1550,3,3,4,0,Bangalore,11500000.0
3200,5,5,12,0,Bangalore,45000000.0
3500,5,5,8,0,Bangalore,48000000.0
3000,4,4,10,0,Bangalore,41000000.0
1250,2,2,2,0,Bangalore,6850000.0
2400,4,4,1,0,Bangalore,11000000.0
2200,4,4,2,0,Bangalore,8500000.0
2100,3,3,3,0,Bangalore,7500000.0
1500,3,3,5,0,Bangalore,7800000.0
1350,3,2,6,0,Bangalore,6500000.0
1200,2,2,4,0,Bangalore,5800000.0
1400,3,3,3,0,Bangalore,7200000.0
1300,3,2,2,0,Bangalore,6200000.0
1450,3,3,2,0,Bangalore,7400000.0
1550,3,3,2,0,Bangalore,8500000.0
1250,2,2,4,0,Bangalore,6800000.0
1650,3,3,3,0,Bangalore,16500000.0
1400,3,2,5,0,Bangalore,10500000.0
1300,3,2,4,0,Bangalore,9200000.0
1500,3,3,3,0,Bangalore,11800000.0
1450,3,2,2,0,Bangalore,11200000.0
1250,2,2,6,0,Bangalore,8800000.0
2800,4,4,5,0,Bangalore,22500000.0
1100,2,1,10,0,Bangalore,5500000.0
2500,4,4,2,0,Bangalore,14000000.0
2200,3,3,4,0,Bangalore,9500000.0
1800,3,3,10,0,Bangalore,6500000.0
1400,3,2,12,0,Bangalore,5800000.0
1200,2,2,15,0,Bangalore,7500000.0
2600,4,4,5,0,Bangalore,11500000.0
1300,3,2,20,0,Bangalore,8500000.0
1150,2,2,10,0,Bangalore,6200000.0
1250,2,2,8,0,Bangalore,7200000.0
1050,2,1,12,0,Bangalore,5400000.0
2400,4,4,5,0,Bangalore,18500000.0
1400,3,3,10,0,Bangalore,11500000.0
1200,2,2,18,0,Bangalore,9200000.0
1100,2,2,25,0,Bangalore,8800000.0
1500,3,3,22,0,Bangalore,16500000.0
1400,3,2,20,0,Bangalore,15500000.0
1100,2,1,28,0,Bangalore,9500000.0
1700,3,3,15,0,Bangalore,19500000.0
1600,3,3,18,0,Bangalore,17500000.0
1800,3,3,12,0,Bangalore,21000000.0
2400,4,4,8,0,Bangalore,28500000.0
1200,2,2,25,0,Bangalore,9800000.0
1300,3,2,22,0,Bangalore,11200000.0
900,2,1,20,0,Bangalore,4800000.0
1100,2,2,30,0,Bangalore,12500000.0
1400,3,2,25,0,Bangalore,18500000.0
1500,3,3,20,0,Bangalore,21000000.0
1350,3,2,22,0,Bangalore,16500000.0
1200,2,2,28,0,Bangalore,14500000.0
1300,2,2,15,0,Bangalore,11500000.0
2800,4,4,25,0,Bangalore,55000000.0
2600,4,3,20,0,Bangalore,51000000.0
2400,3,3,22,0,Bangalore,48000000.0
2200,3,3,25,0,Bangalore,44000000.0
1800,3,2,30,0,Bangalore,32000000.0
1100,2,1,30,0,Bangalore,12500000.0
1200,2,2,28,0,Bangalore,14500000.0
1050,2,2,30,0,Bangalore,11500000.0
1900,3,3,15,0,Bangalore,22500000.0
2400,4,4,20,0,Bangalore,38000000.0
1300,2,2,12,0,Bangalore,9500000.0
1700,3,3,10,0,Bangalore,18500000.0
1500,3,3,8,0,Bangalore,13500000.0
1800,3,3,5,0,Bangalore,16500000.0
1250,2,2,7,0,Bangalore,9200000.0
2400,4,4,4,0,Bangalore,16500000.0
2200,4,4,6,0,Bangalore,15500000.0
1850,3,3,5,0,Bangalore,19500000.0
1400,3,2,2,0,Bangalore,12500000.0
1600,3,3,4,0,Bangalore,11800000.0
2100,4,4,8,0,Bangalore,22500000.0
1500,3,2,5,0,Bangalore,14500000.0
1200,2,2,12,0,Bangalore,8500000.0
1100,2,1,15,0,Bangalore,6800000.0
1000,2,2,25,0,Bangalore,7200000.0
1300,3,2,22,0,Bangalore,10500000.0
1150,2,2,20,0,Bangalore,8800000.0
1250,3,2,28,0,Bangalore,11500000.0
1100,2,1,30,0,Bangalore,9200000.0
1400,3,3,25,0,Bangalore,13500000.0
1500,3,3,20,0,Bangalore,15500000.0
1800,3,3,30,0,Bangalore,21000000.0
2400,4,4,15,0,Bangalore,28500000.0
2100,4,3,12,0,Bangalore,24500000.0
1350,3,2,6,0,Bangalore,10800000.0
1450,3,3,10,0,Bangalore,11800000.0
1200,2,2,4,0,Bangalore,8200000.0
1400,3,2,12,0,Bangalore,9400000.0
1650,3,3,8,0,Bangalore,14500000.0
1800,3,3,5,0,Bangalore,19500000.0
1300,3,2,2,0,Bangalore,8500000.0
2200,4,4,3,0,Bangalore,15500000.0
1550,3,3,4,0,Bangalore,11500000.0
1450,3,2,2,0,Bangalore,8800000.0
1250,2,2,4,0,Bangalore,5500000.0
1100,2,1,5,0,Bangalore,4200000.0
1350,3,2,3,0,Bangalore,5800000.0
1400,3,3,4,0,Bangalore,8800000.0
1200,2,2,6,0,Bangalore,6800000.0
1150,2,2,5,0,Bangalore,6200000.0
1300,3,2,10,0,Bangalore,7800000.0
1500,3,3,2,0,Bangalore,7200000.0
1250,2,2,12,0,Bangalore,5400000.0
1100,2,2,8,0,Bangalore,4800000.0
1000,2,1,10,0,Bangalore,4500000.0
1400,3,2,3,0,Bangalore,8200000.0
1350,3,3,5,0,Bangalore,9200000.0
1250,2,2,6,0,Bangalore,7400000.0
1450,3,2,4,0,Bangalore,8800000.0
1550,3,3,3,0,Bangalore,10500000.0
1400,3,2,2,0,Bangalore,8400000.0
1300,3,2,2,0,Bangalore,7200000.0
1150,2,2,8,0,Bangalore,6500000.0
2400,4,4,5,0,Bangalore,18500000.0
3500,5,5,10,0,Bangalore,58000000.0
1600,3,3,6,0,Bangalore,13500000.0
1350,3,2,10,0,Bangalore,9800000.0
1500,3,3,12,0,Bangalore,11800000.0
1450,3,2,15,0,Bangalore,10800000.0
1200,2,2,14,0,Bangalore,8200000.0
1100,2,1,18,0,Bangalore,7800000.0
2800,4,4,12,0,Bangalore,24500000.0
1750,3,3,10,0,Bangalore,16500000.0
1400,3,2,12,0,Bangalore,11200000.0
1550,3,3,15,0,Bangalore,13800000.0
1300,2,2,25,0,Bangalore,15500000.0
1200,2,2,28,0,Bangalore,14500000.0
2400,4,4,20,0,Bangalore,52000000.0
2600,4,4,15,0,Bangalore,48000000.0
1450,3,2,25,0,Bangalore,26500000.0
1100,2,1,30,0,Bangalore,11500000.0
1250,2,2,28,0,Bangalore,14500000.0
1000,2,1,30,0,Bangalore,12500000.0
2800,4,4,25,0,Bangalore,75000000.0
3000,4,4,20,0,Bangalore,98000000.0
3500,5,5,10,0,Bangalore,150000000.0
4000,6,6,5,0,Bangalore,280000000.0
3200,4,4,12,0,Bangalore,120000000.0
2800,3,3,15,0,Bangalore,85000000.0
2500,3,2,20,0,Bangalore,78000000.0
2400,3,3,22,0,Bangalore,72000000.0
2200,3,2,25,0,Bangalore,65000000.0
2600,3,3,18,0,Bangalore,88000000.0
2800,4,4,20,0,Bangalore,92000000.0
3500,5,5,12,0,Bangalore,165000000.0
3200,4,4,25,0,Bangalore,145000000.0
2400,3,3,30,0,Bangalore,85000000.0
3800,5,5,28,0,Bangalore,125000000.0
2600,4,4,22,0,Bangalore,65000000.0
2200,3,3,25,0,Bangalore,58000000.0
2800,4,4,18,0,Bangalore,75000000.0
3500,5,5,20,0,Bangalore,135000000.0
3000,4,4,25,0,Bangalore,95000000.0
2800,4,4,30,0,Bangalore,88000000.0
2400,4,4,25,0,Bangalore,48000000.0
2200,3,3,28,0,Bangalore,42000000.0
2000,3,3,30,0,Bangalore,38000000.0
1800,3,2,30,0,Bangalore,34000000.0
1600,2,2,30,0,Bangalore,29500000.0
1400,2,2,30,0,Bangalore,21000000.0
1200,2,2,30,0,Bangalore,18500000.0
1100,2,1,30,0,Bangalore,12500000.0
1000,2,2,30,0,Bangalore,11500000.0
900,2,1,30,0,Bangalore,8500000.0
1500,3,3,4,0,Bangalore,11500000.0
1650,3,3,5,0,Bangalore,13800000.0
1400,3,2,6,0,Bangalore,11200000.0
2400,4,4,10,0,Bangalore,38000000.0
1250,2,2,3,0,Bangalore,7850000.0
1450,3,3,2,0,Bangalore,9400000.0
1100,2,2,5,0,Bangalore,6500000.0
1350,3,2,4,0,Bangalore,8800000.0
1200,2,2,20,0,Bangalore,7500000.0
1150,2,2,25,0,Bangalore,6800000.0
3200,5,5,12,0,Bangalore,42500000.0
1400,3,2,5,0,Bangalore,9200000.0
1500,3,3,15,0,Bangalore,13500000.0
1250,2,2,18,0,Bangalore,8800000.0
1100,2,1,20,0,Bangalore,6200000.0
1400,3,2,14,0,Bangalore,10500000.0
1300,2,2,12,0,Bangalore,9800000.0
1500,3,3,25,0,Bangalore,14500000.0
2800,4,4,15,0,Bangalore,58000000.0
1400,3,2,20,0,Bangalore,16500000.0
1350,3,3,22,0,Bangalore,15500000.0
1800,3,3,12,0,Bangalore,21000000.0
1600,3,3,10,0,Bangalore,18500000.0
1700,3,3,15,0,Bangalore,19500000.0
1550,3,2,18,0,Bangalore,17500000.0
1900,3,3,20,0,Bangalore,24500000.0
1650,3,3,6,0,Bangalore,14500000.0
1400,3,2,12,0,Bangalore,11500000.0
1300,2,2,10,0,Bangalore,9800000.0
2400,4,4,5,0,Bangalore,35000000.0
1850,3,3,10,0,Bangalore,19500000.0
1450,3,3,8,0,Bangalore,12500000.0
1500,3,2,25,0,Bangalore,11500000.0
1700,3,3,12,0,Bangalore,15500000.0
1400,3,2,5,0,Bangalore,9800000.0
2500,4,4,4,0,Bangalore,14500000.0
3500,5,5,2,0,Bangalore,35000000.0
1650,3,3,3,0,Bangalore,11500000.0
1450,3,2,2,0,Bangalore,10500000.0
1350,3,3,4,0,Bangalore,9200000.0
1250,2,2,3,0,Bangalore,7800000.0
1800,3,3,5,0,Bangalore,13500000.0
3200,4,4,1,0,Bangalore,58000000.0
4000,6,6,2,0,Bangalore,125000000.0
3500,5,5,10,0,Bangalore,45000000.0
1100,2,2,28,0,Bangalore,8800000.0
1200,2,2,15,0,Bangalore,7500000.0
1450,3,3,12,0,Bangalore,11500000.0
2100,4,4,5,0,Bangalore,12500000.0
1800,3,3,4,0,Bangalore,9500000.0
2400,4,4,6,0,Bangalore,15500000.0
1500,3,3,8,0,Bangalore,8800000.0
1100,2,1,10,0,Bangalore,4800000.0
1200,3,2,12,0,Bangalore,6500000.0
1350,3,3,5,0,Bangalore,7800000.0
1250,2,2,4,0,Bangalore,6200000.0
1150,2,2,8,0,Bangalore,6800000.0
1050,2,1,20,0,Bangalore,5500000.0
1400,3,2,6,0,Bangalore,8200000.0
1300,3,3,3,0,Bangalore,7400000.0
1250,2,2,10,0,Bangalore,7800000.0
2200,4,3,15,0,Bangalore,9500000.0
1450,3,3,4,0,Bangalore,9200000.0
1350,3,2,10,0,Bangalore,7800000.0
1500,3,3,8,0,Bangalore,9500000.0
1200,2,2,12,0,Bangalore,7500000.0
1400,3,2,5,0,Bangalore,8800000.0
1800,3,3,3,0,Bangalore,14500000.0
1350,3,2,12,0,Bangalore,10500000.0
1600,3,3,1,0,Bangalore,16500000.0
2100,4,4,5,0,Bangalore,22500000.0
1450,3,2,6,0,Bangalore,11800000.0
1300,3,2,2,0,Bangalore,9500000.0
1550,3,3,8,0,Bangalore,11200000.0
2600,4,4,5,0,Bangalore,21000000.0
1400,3,3,4,0,Bangalore,10500000.0
1250,2,2,2,0,Bangalore,8800000.0
1100,2,2,3,0,Bangalore,7800000.0
1200,3,2,2,0,Bangalore,7200000.0
2400,4,4,5,0,Bangalore,8500000.0
1600,3,3,5,0,Bangalore,11000000.0
1150,2,2,6,0,Bangalore,6500000.0
1250,2,2,2,0,Bangalore,8200000.0
1450,3,3,8,0,Bangalore,9800000.0
2100,4,4,2,0,Bangalore,7500000.0
1800,3,3,5,0,Bangalore,6200000.0
2500,4,4,1,0,Bangalore,12500000.0
2800,4,4,15,0,Bangalore,65000000.0
2400,3,3,20,0,Bangalore,52000000.0
3500,5,5,5,0,Hyderabad,125000000.0
3200,4,4,8,0,Hyderabad,95000000.0
1800,3,3,4,0,Hyderabad,16550000.0
1550,3,3,2,0,Hyderabad,11500000.0
1400,2,2,6,0,Hyderabad,12500000.0
2200,3,3,3,0,Hyderabad,21000000.0
1200,2,2,10,0,Hyderabad,8550000.0
1100,2,2,12,0,Hyderabad,6500000.0
1650,3,3,5,0,Hyderabad,9850000.0
1000,2,2,15,0,Hyderabad,5500000.0
1300,3,2,20,0,Hyderabad,6800000.0
900,2,2,25,0,Hyderabad,7500000.0
1750,3,3,18,0,Hyderabad,14000000.0
2000,3,3,12,0,Hyderabad,18500000.0
1450,3,3,15,0,Hyderabad,11000000.0
1200,2,2,22,0,Hyderabad,8200000.0
1350,3,2,14,0,Hyderabad,7800000.0
1150,2,2,18,0,Hyderabad,6250000.0
1500,3,3,7,0,Hyderabad,8800000.0
1400,3,2,12,0,Hyderabad,9200000.0
1800,3,3,28,0,Hyderabad,15500000.0
1250,2,2,10,0,Hyderabad,7200000.0
1100,2,2,8,0,Hyderabad,5800000.0
1050,2,2,15,0,Hyderabad,4800000.0
1400,3,3,12,0,Hyderabad,7850000.0
2500,4,4,10,0,Hyderabad,17500000.0
1800,3,3,15,0,Hyderabad,11500000.0
1300,3,2,18,0,Hyderabad,6500000.0
2400,4,4,5,0,Hyderabad,16000000.0
1500,3,3,20,0,Hyderabad,9500000.0
1450,3,3,4,0,Hyderabad,8250000.0
1350,3,2,2,0,Hyderabad,6800000.0
1200,2,2,3,0,Hyderabad,5200000.0
2800,4,4,1,0,Hyderabad,24000000.0
2100,3,3,2,0,Hyderabad,17500000.0
3200,4,4,1,0,Hyderabad,45000000.0
1700,3,3,3,0,Hyderabad,13500000.0
1900,3,3,4,0,Hyderabad,15500000.0
1100,2,2,15,0,Hyderabad,5800000.0
1300,3,2,12,0,Hyderabad,7400000.0
1250,2,2,7,0,Hyderabad,8500000.0
1000,2,1,18,0,Hyderabad,5200000.0
950,2,2,25,0,Hyderabad,4800000.0
1200,2,2,20,0,Hyderabad,5500000.0
2300,4,4,6,0,Hyderabad,22500000.0
1600,3,3,14,0,Hyderabad,10500000.0
2600,4,4,2,0,Hyderabad,31000000.0
2000,3,3,3,0,Hyderabad,26000000.0
900,1,1,5,0,Hyderabad,7800000.0
1200,2,2,8,0,Hyderabad,9200000.0
1850,3,3,4,0,Hyderabad,16800000.0
2200,4,4,12,0,Hyderabad,14500000.0
4000,6,6,10,0,Hyderabad,180000000.0
3800,5,6,12,0,Hyderabad,145000000.0
1100,2,2,22,0,Hyderabad,7800000.0
1050,2,2,15,0,Hyderabad,7200000.0
800,2,1,20,0,Hyderabad,4200000.0
1350,3,3,10,0,Hyderabad,8800000.0
1100,2,2,25,0,Hyderabad,5800000.0
1250,2,2,20,0,Hyderabad,7200000.0
1600,3,3,15,0,Hyderabad,15500000.0
1400,3,2,22,0,Hyderabad,11500000.0
1300,2,2,30,0,Hyderabad,9800000.0
1100,2,2,30,0,Hyderabad,8500000.0
1500,3,3,20,0,Hyderabad,8800000.0
1400,3,2,18,0,Hyderabad,7800000.0
1200,2,2,25,0,Hyderabad,6200000.0
1300,3,3,28,0,Hyderabad,5500000.0
1500,3,2,30,0,Hyderabad,6500000.0
1000,2,1,30,0,Hyderabad,5200000.0
1100,2,2,25,0,Hyderabad,4800000.0
950,2,1,22,0,Hyderabad,4200000.0
1050,2,2,28,0,Hyderabad,4500000.0
1250,3,2,18,0,Hyderabad,7200000.0
1150,2,2,25,0,Hyderabad,8200000.0
1400,3,3,15,0,Hyderabad,9800000.0
1200,2,2,22,0,Hyderabad,7800000.0
1350,3,3,20,0,Hyderabad,10500000.0
1700,3,3,12,0,Hyderabad,14500000.0
1900,3,3,25,0,Hyderabad,18500000.0
1500,3,3,18,0,Hyderabad,12500000.0
1400,2,2,15,0,Hyderabad,11000000.0
800,2,1,30,0,Hyderabad,4500000.0
1600,3,3,25,0,Hyderabad,13000000.0
2200,4,4,15,0,Hyderabad,21000000.0
1800,3,3,10,0,Hyderabad,14500000.0
2000,4,3,12,0,Hyderabad,13500000.0
1200,2,2,18,0,Hyderabad,6200000.0
1300,3,2,15,0,Hyderabad,6800000.0
1600,3,3,8,0,Hyderabad,8800000.0
1100,2,1,12,0,Hyderabad,4500000.0
1250,2,2,5,0,Hyderabad,5800000.0
1350,3,2,4,0,Hyderabad,6800000.0
1450,3,3,6,0,Hyderabad,7500000.0
1200,2,2,3,0,Hyderabad,5200000.0
1100,2,1,2,0,Hyderabad,4800000.0
1500,3,3,10,0,Hyderabad,5500000.0
1300,3,2,12,0,Hyderabad,6200000.0
1400,3,3,15,0,Hyderabad,7500000.0
1200,2,2,20,0,Hyderabad,5800000.0
1350,3,2,10,0,Hyderabad,6800000.0
1450,3,3,15,0,Hyderabad,8200000.0
1200,2,2,18,0,Hyderabad,6500000.0
1500,3,3,8,0,Hyderabad,7800000.0
1350,3,2,5,0,Hyderabad,6200000.0
1250,2,2,10,0,Hyderabad,5500000.0
1100,2,1,12,0,Hyderabad,4500000.0
1400,3,3,15,0,Hyderabad,5200000.0
2500,4,4,8,0,Hyderabad,13500000.0
1800,3,3,10,0,Hyderabad,9500000.0
1500,3,2,5,0,Hyderabad,7200000.0
1750,3,3,4,0,Hyderabad,10500000.0
2200,4,4,3,0,Hyderabad,14500000.0
3500,5,5,2,0,Hyderabad,38000000.0
3000,4,4,0,0,Hyderabad,18000000.0
3200,4,4,1,0,Hyderabad,21000000.0
2400,4,4,2,0,Hyderabad,16500000.0
2600,4,4,1,0,Hyderabad,22000000.0
1550,3,3,4,0,Hyderabad,11500000.0
1850,3,3,3,0,Hyderabad,14800000.0
2800,3,3,2,0,Hyderabad,35000000.0
1400,2,2,8,0,Hyderabad,8200000.0
1600,3,2,5,0,Hyderabad,11000000.0
2100,3,3,2,0,Hyderabad,19500000.0
1800,3,3,6,0,Hyderabad,17000000.0
800,1,1,10,0,Hyderabad,6500000.0
1100,2,2,5,0,Hyderabad,7500000.0
1450,3,3,10,0,Hyderabad,7200000.0
1350,3,2,12,0,Hyderabad,7800000.0
1600,3,3,3,0,Hyderabad,8800000.0
1200,2,2,8,0,Hyderabad,6200000.0
1100,2,2,15,0,Hyderabad,7500000.0
1500,3,3,12,0,Hyderabad,9800000.0
2500,4,4,18,0,Hyderabad,16500000.0
1300,2,2,15,0,Hyderabad,7800000.0
1000,2,1,22,0,Hyderabad,5500000.0
1200,2,2,10,0,Hyderabad,6800000.0
1100,2,2,25,0,Hyderabad,4800000.0
1250,3,2,20,0,Hyderabad,5200000.0
1150,2,2,25,0,Hyderabad,4200000.0
1050,2,1,18,0,Hyderabad,3800000.0
1400,3,3,5,0,Hyderabad,6800000.0
1300,3,2,12,0,Hyderabad,6200000.0
2800,4,4,6,0,Hyderabad,18500000.0
2000,3,3,8,0,Hyderabad,9500000.0
2600,4,4,3,0,Hyderabad,16500000.0
2200,3,3,10,0,Hyderabad,8800000.0
3000,4,4,5,0,Hyderabad,14500000.0
1800,3,2,15,0,Hyderabad,8200000.0
1500,3,3,18,0,Hyderabad,7200000.0
2400,4,4,12,0,Hyderabad,15500000.0
1600,3,3,8,0,Hyderabad,7800000.0
1200,2,2,10,0,Hyderabad,4200000.0
1350,3,2,6,0,Hyderabad,5800000.0
1450,3,3,5,0,Hyderabad,6500000.0
1250,2,2,20,0,Hyderabad,5500000.0
1000,2,1,22,0,Hyderabad,3800000.0
1150,2,2,18,0,Hyderabad,4800000.0
1300,3,2,20,0,Hyderabad,6800000.0
1600,3,3,15,0,Hyderabad,11500000.0
1200,2,2,18,0,Hyderabad,6500000.0
1800,3,3,10,0,Hyderabad,9200000.0
2000,4,3,25,0,Hyderabad,13500000.0
1500,3,2,30,0,Hyderabad,8800000.0
1700,3,3,28,0,Hyderabad,12500000.0
1400,3,3,22,0,Hyderabad,10500000.0
1200,2,2,25,0,Hyderabad,8200000.0
1350,3,2,28,0,Hyderabad,9800000.0
900,2,1,30,0,Hyderabad,7200000.0
1100,2,2,30,0,Hyderabad,8800000.0
1000,2,2,30,0,Hyderabad,7500000.0
1200,2,2,30,0,Hyderabad,8200000.0
1300,3,2,28,0,Hyderabad,8800000.0
1100,2,2,25,0,Hyderabad,6500000.0
1250,3,2,22,0,Hyderabad,6800000.0
1400,3,3,20,0,Hyderabad,9500000.0
1600,3,3,22,0,Hyderabad,14500000.0
1200,2,2,25,0,Hyderabad,11000000.0
2500,4,4,20,0,Hyderabad,45000000.0
2800,4,4,15,0,Hyderabad,38000000.0
1200,2,2,18,0,Hyderabad,8500000.0
900,2,1,22,0,Hyderabad,6200000.0
1100,2,2,25,0,Hyderabad,7800000.0
1000,2,2,20,0,Hyderabad,5500000.0
1100,2,2,12,0,Hyderabad,10500000.0
2200,4,4,18,0,Hyderabad,21000000.0
2600,4,4,12,0,Hyderabad,28500000.0
3500,5,5,10,0,Hyderabad,85000000.0
3000,4,4,15,0,Hyderabad,65000000.0
3200,4,4,8,0,Hyderabad,75000000.0
1300,2,2,28,0,Hyderabad,11500000.0
1500,3,3,25,0,Hyderabad,12500000.0
1800,3,3,20,0,Hyderabad,16500000.0
2100,4,4,22,0,Hyderabad,19500000.0
1200,2,2,28,0,Hyderabad,9200000.0
1400,3,2,30,0,Hyderabad,10500000.0
1600,3,3,25,0,Hyderabad,13500000.0
1500,3,2,28,0,Hyderabad,11500000.0
1100,2,1,30,0,Hyderabad,6800000.0
1200,2,2,25,0,Hyderabad,7200000.0
1300,3,3,30,0,Hyderabad,9500000.0
1000,2,2,30,0,Hyderabad,8800000.0
1100,2,1,30,0,Hyderabad,7800000.0
1250,3,2,30,0,Hyderabad,6500000.0
1400,3,3,30,0,Hyderabad,7200000.0
1200,2,2,30,0,Hyderabad,5500000.0
1350,3,2,25,0,Hyderabad,7800000.0
1450,3,3,20,0,Hyderabad,10500000.0
1100,2,2,22,0,Hyderabad,6800000.0
1200,2,2,20,0,Hyderabad,6200000.0
1300,3,2,25,0,Hyderabad,5800000.0
1400,3,3,15,0,Hyderabad,8200000.0
1100,2,2,25,0,Hyderabad,7500000.0
1250,2,2,22,0,Hyderabad,6800000.0
1500,3,3,12,0,Hyderabad,9500000.0
1600,3,3,8,0,Hyderabad,11000000.0
1400,3,2,22,0,Hyderabad,8800000.0
1300,3,2,15,0,Hyderabad,7800000.0
1200,2,2,18,0,Hyderabad,6500000.0
1500,3,3,10,0,Hyderabad,8200000.0
1650,3,3,6,0,Hyderabad,9800000.0
1800,3,3,12,0,Hyderabad,11000000.0
1350,3,2,5,0,Hyderabad,7500000.0
1450,3,3,8,0,Hyderabad,6800000.0
1600,3,3,10,0,Hyderabad,8500000.0
1500,3,2,12,0,Hyderabad,7200000.0
1400,3,3,15,0,Hyderabad,7800000.0
1200,2,2,20,0,Hyderabad,6500000.0
1300,3,2,10,0,Hyderabad,6200000.0
1500,3,3,5,0,Hyderabad,5500000.0
1200,2,2,3,0,Hyderabad,4200000.0
1400,3,2,15,0,Hyderabad,7200000.0
1300,3,2,8,0,Hyderabad,6500000.0
1200,2,2,6,0,Hyderabad,5800000.0
1500,3,3,5,0,Hyderabad,7800000.0
1100,2,2,12,0,Hyderabad,4800000.0
1600,3,3,20,0,Hyderabad,11500000.0
1200,2,1,25,0,Hyderabad,5500000.0
1300,3,2,18,0,Hyderabad,6200000.0
1500,3,3,14,0,Hyderabad,8800000.0
1250,2,2,10,0,Hyderabad,7200000.0
2200,4,4,15,0,Hyderabad,16500000.0
2800,4,4,8,0,Hyderabad,22000000.0
2400,4,4,12,0,Hyderabad,18500000.0
2600,4,4,10,0,Hyderabad,21000000.0
1800,3,3,15,0,Hyderabad,12500000.0
1200,2,2,20,0,Hyderabad,6500000.0
1400,3,2,18,0,Hyderabad,7800000.0
1300,3,2,22,0,Hyderabad,7200000.0
1100,2,2,25,0,Hyderabad,5800000.0
1250,2,2,20,0,Hyderabad,6800000.0
1050,2,1,15,0,Hyderabad,5200000.0
1500,3,3,12,0,Hyderabad,7500000.0
1400,3,2,18,0,Hyderabad,7200000.0
1800,3,3,12,0,Hyderabad,12500000.0
1600,3,3,15,0,Hyderabad,11000000.0
1300,3,2,10,0,Hyderabad,7500000.0
1500,3,3,8,0,Hyderabad,8800000.0
1400,3,2,12,0,Hyderabad,7800000.0
1600,3,3,5,0,Hyderabad,11500000.0
1300,2,2,18,0,Hyderabad,8500000.0
1450,3,2,20,0,Hyderabad,9200000.0
1200,2,2,28,0,Hyderabad,8800000.0
1800,3,3,12,0,Hyderabad,16500000.0
1350,2,2,22,0,Hyderabad,10500000.0
1700,3,3,15,0,Hyderabad,15500000.0
2000,3,3,30,0,Hyderabad,19500000.0
1400,3,2,30,0,Hyderabad,11500000.0
1600,3,3,25,0,Hyderabad,12500000.0
1300,2,2,30,0,Hyderabad,10800000.0
1500,3,3,28,0,Hyderabad,12500000.0
1900,3,3,15,0,Hyderabad,21000000.0
1450,3,2,25,0,Hyderabad,13500000.0
1100,2,2,22,0,Hyderabad,8800000.0
1300,3,2,20,0,Hyderabad,9500000.0
1250,2,2,18,0,Hyderabad,8200000.0
1150,2,2,22,0,Hyderabad,6500000.0
1200,2,2,15,0,Hyderabad,7200000.0
1600,3,3,12,0,Hyderabad,11500000.0
1400,3,2,10,0,Hyderabad,10500000.0
1800,3,3,8,0,Hyderabad,13500000.0
2200,4,4,5,0,Hyderabad,17500000.0
1500,3,3,3,0,Hyderabad,12500000.0
1450,3,3,5,0,Hyderabad,8500000.0
1300,2,2,8,0,Hyderabad,7800000.0
1200,2,2,15,0,Hyderabad,6500000.0
1400,3,2,12,0,Hyderabad,7800000.0
1150,2,2,20,0,Hyderabad,5800000.0
1600,3,3,25,0,Hyderabad,8200000.0
1350,3,2,5,0,Hyderabad,5500000.0
1200,2,2,28,0,Hyderabad,4800000.0
3000,4,4,1,0,Hyderabad,28000000.0
2200,3,3,2,0,Hyderabad,19500000.0
1800,3,3,4,0,Hyderabad,13500000.0
2500,4,4,2,0,Hyderabad,21000000.0
3500,4,4,1,0,Hyderabad,55000000.0
2400,3,3,2,0,Hyderabad,32000000.0
2100,3,3,3,0,Hyderabad,26500000.0
1900,3,3,5,0,Hyderabad,22500000.0
1800,3,3,8,0,Hyderabad,25000000.0
1600,3,2,6,0,Hyderabad,14500000.0
1450,3,3,5,0,Hyderabad,15500000.0
1700,3,3,7,0,Hyderabad,16500000.0
2200,3,3,4,0,Hyderabad,24000000.0
1550,3,2,10,0,Hyderabad,9500000.0
1650,3,3,3,0,Hyderabad,11500000.0
1900,3,3,2,0,Hyderabad,16500000.0
2000,3,3,5,0,Hyderabad,19500000.0
1500,3,2,12,0,Hyderabad,11000000.0
1400,3,3,18,0,Hyderabad,9800000.0
1600,3,3,8,0,Hyderabad,9500000.0
1450,3,2,10,0,Hyderabad,8500000.0
1700,3,3,6,0,Hyderabad,9200000.0
1850,3,3,4,0,Hyderabad,11500000.0
2400,4,4,5,0,Hyderabad,16500000.0
3800,5,5,3,0,Hyderabad,45000000.0
2600,4,4,2,0,Hyderabad,21000000.0
2800,4,4,2,0,Hyderabad,22500000.0
3200,4,4,1,0,Hyderabad,24500000.0
2200,3,3,3,0,Hyderabad,14500000.0
3000,4,4,0,0,Hyderabad,16500000.0
1500,3,3,5,0,Hyderabad,6800000.0
1200,2,2,4,0,Hyderabad,4800000.0
1350,3,2,2,0,Hyderabad,5200000.0
1800,3,3,10,0,Hyderabad,6500000.0
1450,3,3,1,0,Hyderabad,5800000.0
3500,5,5,0,0,Hyderabad,29500000.0
2600,4,4,3,0,Hyderabad,35000000.0
2200,3,3,12,0,Hyderabad,28500000.0
3000,4,4,15,0,Hyderabad,55000000.0
3500,4,5,10,0,Hyderabad,95000000.0
3800,5,5,12,0,Hyderabad,110000000.0
2400,3,3,8,0,Hyderabad,32000000.0
1800,3,3,20,0,Hyderabad,18500000.0
1600,3,3,22,0,Hyderabad,15500000.0
1200,2,2,30,0,Hyderabad,9200000.0
2000,3,3,18,0,Hyderabad,19500000.0
2300,4,4,20,0,Hyderabad,24500000.0
1700,3,2,12,0,Hyderabad,13500000.0
1900,4,3,15,0,Hyderabad,12500000.0
1500,3,3,18,0,Hyderabad,8800000.0
1600,3,3,10,0,Hyderabad,7800000.0
2500,4,4,4,0,Hyderabad,17500000.0
2800,4,4,2,0,Hyderabad,18500000.0
1400,3,2,5,0,Hyderabad,8200000.0
1100,2,1,25,0,Hyderabad,4200000.0
1200,2,2,28,0,Hyderabad,4500000.0
1300,3,2,20,0,Hyderabad,5500000.0
1000,2,2,30,0,Hyderabad,5800000.0
1400,3,3,4,0,Hyderabad,7200000.0
1550,3,3,6,0,Hyderabad,8500000.0
1250,2,2,18,0,Hyderabad,6800000.0
1650,3,3,5,0,Hyderabad,11500000.0
1450,3,2,12,0,Hyderabad,9500000.0
1500,3,3,8,0,Hyderabad,7500000.0
1350,3,2,15,0,Hyderabad,7800000.0
1200,2,2,20,0,Hyderabad,6200000.0
1800,3,3,18,0,Hyderabad,12500000.0
1300,3,2,22,0,Hyderabad,6800000.0
1700,3,3,12,0,Hyderabad,13500000.0
1500,3,3,15,0,Hyderabad,8800000.0
1900,3,3,10,0,Hyderabad,14500000.0
3000,4,4,5,0,Hyderabad,28500000.0
2500,4,4,8,0,Hyderabad,16500000.0
1800,3,3,12,0,Hyderabad,8500000.0
2600,4,4,2,0,Hyderabad,19500000.0
1400,3,2,10,0,Hyderabad,7200000.0
1550,3,3,3,0,Hyderabad,8200000.0
1350,3,2,2,0,Hyderabad,5800000.0
1200,2,2,6,0,Hyderabad,8500000.0
1100,2,2,8,0,Hyderabad,9500000.0
1000,2,2,15,0,Hyderabad,8800000.0
1150,2,2,20,0,Hyderabad,10500000.0
1350,2,2,25,0,Hyderabad,14500000.0
1250,2,2,28,0,Hyderabad,11500000.0
1100,2,2,30,0,Hyderabad,8500000.0
1500,3,3,30,0,Hyderabad,7800000.0
1900,3,3,15,0,Hyderabad,17500000.0
1200,2,2,30,0,Hyderabad,8200000.0
1300,3,2,5,0,Hyderabad,7800000.0
1400,3,3,4,0,Hyderabad,8800000.0
1500,3,3,6,0,Hyderabad,10500000.0
1600,3,3,5,0,Hyderabad,19500000.0
1800,3,3,4,0,Hyderabad,24500000.0
2200,3,3,5,0,Hyderabad,28500000.0
2600,4,4,2,0,Hyderabad,35000000.0
3000,4,4,3,0,Hyderabad,48000000.0
1750,3,3,8,0,Hyderabad,11000000.0
1900,3,3,2,0,Hyderabad,15500000.0
2100,3,3,1,0,Hyderabad,18500000.0
3200,4,4,0,0,Hyderabad,52000000.0
2500,4,4,5,0,Hyderabad,28000000.0
2800,4,4,18,0,Hyderabad,42000000.0
3600,5,5,12,0,Hyderabad,125000000.0
1700,3,3,20,0,Hyderabad,16500000.0
1550,3,2,25,0,Hyderabad,15500000.0
1300,2,2,30,0,Hyderabad,11500000.0
1100,2,1,30,0,Hyderabad,8500000.0
1500,3,3,28,0,Hyderabad,9500000.0
1400,3,2,25,0,Hyderabad,8200000.0
1800,3,3,10,0,Hyderabad,12500000.0
1600,3,3,12,0,Hyderabad,10500000.0
1450,3,3,15,0,Hyderabad,8800000.0
2700,4,4,8,0,Hyderabad,21000000.0
2400,4,4,5,0,Hyderabad,16500000.0
1500,3,3,3,0,Hyderabad,7800000.0
1300,3,2,10,0,Hyderabad,7200000.0
1250,2,2,12,0,Hyderabad,8500000.0
1100,2,2,20,0,Hyderabad,7800000.0
1400,2,2,8,0,Hyderabad,13500000.0
1700,3,3,6,0,Hyderabad,17500000.0
1550,3,3,4,0,Hyderabad,14500000.0
1600,3,3,5,0,Hyderabad,11500000.0
1900,3,3,2,0,Hyderabad,16500000.0
2900,4,4,1,0,Hyderabad,26500000.0
2100,3,3,3,0,Hyderabad,18500000.0
1500,3,3,5,0,Hyderabad,12500000.0
2200,3,3,2,0,Hyderabad,29500000.0
2500,4,4,3,0,Hyderabad,32500000.0
2300,4,4,5,0,Hyderabad,26500000.0
1700,3,3,12,0,Hyderabad,12500000.0
1500,3,2,18,0,Hyderabad,10500000.0
1600,3,3,10,0,Hyderabad,11500000.0
1400,3,2,12,0,Hyderabad,9800000.0
1200,2,2,15,0,Hyderabad,8200000.0
1350,3,2,10,0,Hyderabad,8800000.0
1500,3,3,22,0,Hyderabad,11500000.0
1800,3,3,18,0,Hyderabad,18500000.0
1250,2,2,25,0,Hyderabad,9500000.0
1700,3,3,22,0,Hyderabad,16500000.0
2100,3,3,20,0,Hyderabad,22500000.0
1600,3,3,15,0,Hyderabad,11500000.0
1450,3,2,18,0,Hyderabad,8800000.0
2300,4,4,10,0,Hyderabad,17500000.0
1500,3,3,6,0,Hyderabad,8500000.0
1450,3,2,4,0,Hyderabad,7800000.0
1250,2,2,12,0,Hyderabad,7200000.0
1500,3,3,10,0,Hyderabad,14500000.0
1650,3,3,8,0,Hyderabad,15500000.0
1850,3,3,6,0,Hyderabad,18500000.0
2000,3,3,4,0,Hyderabad,22500000.0
2400,4,4,3,0,Hyderabad,31000000.0
2700,4,4,2,0,Hyderabad,38500000.0
1700,3,3,12,0,Hyderabad,12500000.0
2000,3,3,4,0,Hyderabad,17500000.0
3100,4,4,1,0,Hyderabad,31000000.0
2200,3,3,3,0,Hyderabad,21000000.0
3700,5,5,15,0,Hyderabad,135000000.0
3400,5,5,18,0,Hyderabad,110000000.0
2700,4,4,12,0,Hyderabad,42000000.0
1900,3,3,22,0,Hyderabad,21000000.0
1600,3,3,25,0,Hyderabad,17500000.0
1200,2,2,28,0,Hyderabad,10500000.0
1150,2,2,30,0,Hyderabad,9500000.0
1100,2,2,25,0,Hyderabad,8800000.0
1300,3,2,25,0,Hyderabad,7200000.0
1500,3,3,20,0,Hyderabad,9800000.0
1450,3,2,22,0,Hyderabad,8500000.0
1550,3,3,15,0,Hyderabad,11500000.0
1700,3,3,12,0,Hyderabad,12500000.0
1300,3,2,15,0,Hyderabad,8500000.0
1450,3,3,10,0,Hyderabad,9500000.0
1350,3,2,8,0,Hyderabad,7500000.0
1550,3,3,6,0,Hyderabad,8500000.0
1600,3,3,12,0,Hyderabad,9800000.0
2000,3,3,15,0,Hyderabad,15500000.0
2900,4,4,10,0,Hyderabad,24500000.0
1700,3,3,12,0,Hyderabad,11000000.0
1400,3,2,18,0,Hyderabad,8500000.0
1350,3,2,22,0,Hyderabad,7800000.0
1500,3,3,20,0,Hyderabad,8800000.0
2400,4,4,8,0,Hyderabad,18500000.0
1600,3,3,5,0,Hyderabad,9200000.0
1500,3,3,3,0,Hyderabad,8200000.0
3200,4,4,1,0,Hyderabad,32000000.0
2300,3,3,2,0,Hyderabad,22500000.0
1750,3,3,6,0,Hyderabad,13500000.0
2100,3,3,2,0,Hyderabad,19500000.0
1800,3,3,4,0,Hyderabad,14500000.0
2500,3,3,3,0,Hyderabad,34500000.0
2800,4,4,2,0,Hyderabad,39500000.0
1600,3,3,12,0,Hyderabad,18500000.0
1700,3,3,10,0,Hyderabad,17500000.0
2100,3,3,8,0,Hyderabad,22500000.0
2300,3,3,6,0,Hyderabad,28500000.0
2700,4,4,4,0,Hyderabad,39500000.0
3900,6,6,12,0,Hyderabad,165000000.0
3700,5,5,15,0,Hyderabad,145000000.0
1250,3,2,25,0,Hyderabad,11500000.0
1300,3,3,28,0,Hyderabad,12500000.0
2000,3,3,22,0,Hyderabad,24500000.0
1800,3,3,20,0,Hyderabad,19500000.0
1950,4,4,15,0,Hyderabad,22500000.0
2200,4,4,18,0,Hyderabad,26500000.0
1700,3,3,25,0,Hyderabad,15500000.0
1900,3,3,15,0,Hyderabad,18500000.0
2100,4,4,12,0,Hyderabad,21500000.0
1700,3,3,20,0,Hyderabad,13500000.0
1550,3,2,22,0,Hyderabad,10500000.0
1800,3,3,5,0,Chennai,28000000.0
2200,4,4,10,0,Chennai,41000000.0
1400,3,3,25,0,Chennai,19500000.0
1600,3,3,15,0,Chennai,24000000.0
1200,2,2,6,0,Chennai,11000000.0
1500,3,3,12,0,Chennai,18500000.0
1350,3,2,4,0,Chennai,9550000.0
3500,5,5,3,0,Chennai,65000000.0
1100,2,2,5,0,Chennai,8800000.0
1450,3,3,2,0,Chennai,10500000.0
1000,2,2,8,0,Chennai,6500000.0
1250,3,2,20,0,Chennai,9500000.0
2400,4,4,10,0,Chennai,48000000.0
1300,3,2,7,0,Chennai,11500000.0
950,2,1,15,0,Chennai,5500000.0
1050,2,2,12,0,Chennai,4800000.0
1200,2,2,5,0,Chennai,7850000.0
1400,3,3,4,0,Chennai,8500000.0
1150,2,2,10,0,Chennai,5800000.0
1650,3,3,18,0,Chennai,14500000.0
1500,3,2,20,0,Chennai,13500000.0
1700,3,3,15,0,Chennai,18500000.0
1850,3,3,22,0,Chennai,21000000.0
1100,2,2,28,0,Chennai,11000000.0
1350,3,2,12,0,Chennai,12500000.0
2000,3,3,20,0,Chennai,35000000.0
1900,3,3,25,0,Chennai,29000000.0
2100,4,4,18,0,Chennai,32000000.0
1400,3,2,30,0,Chennai,16500000.0
1200,2,2,22,0,Chennai,8500000.0
1300,3,2,10,0,Chennai,9200000.0
1100,2,1,25,0,Chennai,6800000.0
1800,3,3,6,0,Chennai,22000000.0
1000,2,2,15,0,Chennai,6200000.0
1400,3,3,10,0,Chennai,8800000.0
1150,2,2,12,0,Chennai,6850000.0
1350,3,2,5,0,Chennai,7500000.0
1250,2,2,3,0,Chennai,6500000.0
1500,3,3,4,0,Chennai,8200000.0
1400,3,2,5,0,Chennai,9800000.0
1600,3,3,6,0,Chennai,12000000.0
1800,3,3,2,0,Chennai,11500000.0
1550,3,3,3,0,Chennai,8800000.0
1200,2,2,5,0,Chennai,5200000.0
1100,2,2,10,0,Chennai,5800000.0
1050,2,1,15,0,Chennai,4500000.0
1450,3,3,12,0,Chennai,9500000.0
1300,3,2,20,0,Chennai,7200000.0
1200,2,2,5,0,Chennai,5800000.0
1400,3,3,3,0,Chennai,6200000.0
1100,2,2,8,0,Chennai,4200000.0
1500,3,3,10,0,Chennai,5500000.0
1250,2,2,12,0,Chennai,4000000.0
1350,3,2,15,0,Chennai,4800000.0
1600,3,3,5,0,Chennai,12000000.0
1450,3,3,8,0,Chennai,9800000.0
1200,2,2,15,0,Chennai,8200000.0
1800,3,3,12,0,Chennai,16500000.0
2500,4,4,18,0,Chennai,55000000.0
2300,4,3,20,0,Chennai,48000000.0
1700,3,3,25,0,Chennai,26000000.0
2800,4,4,10,0,Chennai,52000000.0
1500,3,2,12,0,Chennai,18000000.0
1100,2,1,30,0,Chennai,9500000.0
1000,2,2,25,0,Chennai,7200000.0
1300,2,2,15,0,Chennai,9800000.0
1400,3,2,22,0,Chennai,12500000.0
1200,2,2,10,0,Chennai,7800000.0
900,2,1,30,0,Chennai,5500000.0
850,1,1,15,0,Chennai,10500000.0
2200,4,4,5,0,Chennai,32000000.0
1600,3,3,8,0,Chennai,14500000.0
1100,2,2,6,0,Chennai,6200000.0
1450,3,3,2,0,Chennai,7800000.0
1300,3,2,4,0,Chennai,6800000.0
1700,3,3,1,0,Chennai,12500000.0
1250,2,2,3,0,Chennai,6500000.0
2100,4,4,2,0,Chennai,15500000.0
1150,2,2,5,0,Chennai,5200000.0
1400,3,2,4,0,Chennai,7500000.0
1350,3,3,10,0,Chennai,6200000.0
1200,2,2,5,0,Chennai,4200000.0
4000,6,6,5,0,Chennai,95000000.0
3200,4,4,8,0,Chennai,58000000.0
2800,4,4,12,0,Chennai,45000000.0
2500,4,3,15,0,Chennai,38000000.0
3000,4,4,10,0,Chennai,52000000.0
3800,5,5,2,0,Chennai,82000000.0
2600,4,4,5,0,Chennai,29000000.0
3300,4,4,7,0,Chennai,35000000.0
2400,3,3,10,0,Chennai,18000000.0
1900,3,3,12,0,Chennai,31000000.0
1750,3,3,18,0,Chennai,26500000.0
1200,2,2,25,0,Chennai,11500000.0
1400,3,2,20,0,Chennai,13500000.0
1100,2,2,28,0,Chennai,10500000.0
2200,4,4,15,0,Chennai,42000000.0
2600,4,4,10,0,Chennai,51000000.0
1350,3,3,22,0,Chennai,14500000.0
1500,3,2,28,0,Chennai,16000000.0
900,2,1,40,0,Chennai,11000000.0
1100,2,2,40,0,Chennai,9500000.0
1200,2,2,35,0,Chennai,8200000.0
1000,2,1,30,0,Chennai,6500000.0
1300,3,2,25,0,Chennai,7500000.0
1450,3,3,8,0,Chennai,8800000.0
1600,3,3,10,0,Chennai,7200000.0
1100,2,2,20,0,Chennai,4500000.0
1250,2,2,15,0,Chennai,3800000.0
1350,3,2,22,0,Chennai,6500000.0
1150,2,2,18,0,Chennai,5800000.0
1000,2,1,25,0,Chennai,5200000.0
1100,2,2,30,0,Chennai,7800000.0
1400,3,3,20,0,Chennai,12500000.0
1250,2,2,22,0,Chennai,8800000.0
1050,2,1,15,0,Chennai,6200000.0
1350,3,2,12,0,Chennai,7800000.0
1100,2,2,20,0,Chennai,5500000.0
1200,2,2,18,0,Chennai,5800000.0
1600,3,3,5,0,Chennai,13500000.0
1500,3,2,10,0,Chennai,12500000.0
1750,3,3,6,0,Chennai,11500000.0
1400,3,2,12,0,Chennai,6500000.0
1300,2,2,10,0,Chennai,5800000.0
1450,3,3,8,0,Chennai,6800000.0
1600,3,3,5,0,Chennai,8500000.0
1200,2,2,10,0,Chennai,7200000.0
1100,2,2,12,0,Chennai,5200000.0
1800,3,3,15,0,Chennai,16500000.0
1550,3,2,20,0,Chennai,14500000.0
1400,3,3,18,0,Chennai,13000000.0
1200,2,2,25,0,Chennai,16500000.0
800,1,1,30,0,Chennai,12000000.0
1100,2,2,28,0,Chennai,14500000.0
2500,4,4,12,0,Chennai,58000000.0
1700,3,3,22,0,Chennai,24000000.0
3000,4,4,15,0,Chennai,75000000.0
1000,2,1,35,0,Chennai,14500000.0
2100,3,3,20,0,Chennai,38000000.0
1350,2,2,25,0,Chennai,21000000.0
1900,3,3,18,0,Chennai,34000000.0
2400,4,4,12,0,Chennai,48000000.0
1500,3,2,20,0,Chennai,24500000.0
1750,3,3,15,0,Chennai,31000000.0
2200,4,4,22,0,Chennai,42000000.0
1850,3,3,12,0,Chennai,32500000.0
2000,3,3,18,0,Chennai,36000000.0
1600,3,2,25,0,Chennai,32000000.0
1300,2,2,15,0,Chennai,16500000.0
2600,4,4,10,0,Chennai,55000000.0
1550,3,3,4,0,Chennai,11500000.0
1200,2,2,8,0,Chennai,9500000.0
1100,2,2,12,0,Chennai,8500000.0
1400,3,2,10,0,Chennai,12500000.0
1150,2,2,12,0,Chennai,7200000.0
1300,3,2,8,0,Chennai,8500000.0
1450,3,3,20,0,Chennai,11500000.0
1200,2,2,18,0,Chennai,9200000.0
1100,2,1,15,0,Chennai,5800000.0
1350,3,2,5,0,Chennai,6500000.0
1250,2,2,8,0,Chennai,7200000.0
1600,3,3,3,0,Chennai,8800000.0
1450,3,2,4,0,Chennai,7500000.0
1500,3,3,6,0,Chennai,6200000.0
1800,3,3,2,0,Chennai,5500000.0
2000,4,4,1,0,Chennai,7200000.0
1400,3,2,5,0,Chennai,5800000.0
1650,3,3,3,0,Chennai,11500000.0
1350,2,2,6,0,Chennai,8800000.0
1500,3,3,8,0,Chennai,10500000.0
1200,2,2,10,0,Chennai,8200000.0
3500,5,5,5,0,Chennai,75000000.0
2200,3,3,10,0,Chennai,38000000.0
2800,4,4,12,0,Chennai,42000000.0
2500,3,3,8,0,Chennai,24500000.0
3200,4,4,2,0,Chennai,45000000.0
3600,5,5,4,0,Chennai,68000000.0
4000,6,6,1,0,Chennai,85000000.0
1800,3,3,2,0,Chennai,12500000.0
1600,3,2,4,0,Chennai,9500000.0
1950,3,3,3,0,Chennai,14500000.0
1250,2,2,5,0,Chennai,7200000.0
1400,3,3,8,0,Chennai,6500000.0
1100,2,1,12,0,Chennai,3500000.0
1500,3,3,5,0,Chennai,8500000.0
1200,2,2,15,0,Chennai,7500000.0
1300,3,2,12,0,Chennai,7800000.0
1450,3,3,10,0,Chennai,8800000.0
1100,2,1,8,0,Chennai,4800000.0
1400,3,2,5,0,Chennai,5800000.0
1600,3,3,4,0,Chennai,7200000.0
1250,2,2,6,0,Chennai,5500000.0
1350,3,2,3,0,Chennai,4500000.0
1500,3,3,2,0,Chennai,8200000.0
1200,2,2,15,0,Chennai,5200000.0
1150,2,2,12,0,Chennai,6500000.0
1000,2,1,20,0,Chennai,4200000.0
1300,3,2,10,0,Chennai,5500000.0
1400,3,3,8,0,Chennai,6200000.0
1500,3,3,5,0,Chennai,7800000.0
1200,2,2,10,0,Chennai,5200000.0
1100,2,2,12,0,Chennai,4800000.0
1350,3,2,15,0,Chennai,5800000.0
1550,3,3,4,0,Chennai,9500000.0
1400,3,2,6,0,Chennai,10500000.0
1700,3,3,3,0,Chennai,13500000.0
1500,3,3,5,0,Chennai,11500000.0
1300,2,2,12,0,Chennai,8800000.0
1600,3,3,25,0,Chennai,14500000.0
1800,3,3,10,0,Chennai,22500000.0
1400,2,2,12,0,Chennai,11500000.0
1900,3,3,18,0,Chennai,24500000.0
1750,3,3,20,0,Chennai,19500000.0
1450,3,2,22,0,Chennai,13500000.0
1300,2,2,25,0,Chennai,11000000.0
1500,3,3,15,0,Chennai,16500000.0
1250,2,2,30,0,Chennai,12500000.0
2200,3,3,25,0,Chennai,38000000.0
1400,3,2,30,0,Chennai,18500000.0
2800,4,4,15,0,Chennai,55000000.0
2400,4,4,12,0,Chennai,45000000.0
2100,3,3,28,0,Chennai,31000000.0
2600,4,4,10,0,Chennai,55000000.0
1900,3,3,20,0,Chennai,29500000.0
1350,2,2,25,0,Chennai,12500000.0
1500,3,2,22,0,Chennai,14500000.0
1200,2,2,30,0,Chennai,11500000.0
1650,3,3,4,0,Chennai,14500000.0
1800,3,3,5,0,Chennai,12500000.0
1400,3,2,20,0,Chennai,8500000.0
1500,3,3,15,0,Chennai,9800000.0
1450,3,3,12,0,Chennai,10500000.0
1300,2,2,25,0,Chennai,9200000.0
1500,3,3,28,0,Chennai,14500000.0
1800,3,2,30,0,Chennai,28500000.0
1600,3,3,30,0,Chennai,19500000.0
1100,2,1,40,0,Chennai,15500000.0
1300,3,2,40,0,Chennai,12500000.0
1400,3,3,35,0,Chennai,9500000.0
1200,2,2,30,0,Chennai,8500000.0
1550,3,3,10,0,Chennai,9800000.0
1800,3,3,12,0,Chennai,8200000.0
1600,3,3,5,0,Chennai,12500000.0
1250,2,2,10,0,Chennai,9800000.0
1750,3,3,12,0,Chennai,16500000.0
2000,3,3,18,0,Chennai,32000000.0
2400,4,4,10,0,Chennai,48000000.0
1900,3,3,15,0,Chennai,24500000.0
3500,5,5,10,0,Chennai,65000000.0
3800,5,5,5,0,Chennai,85000000.0
3200,4,4,8,0,Chennai,55000000.0
1550,3,3,4,0,Chennai,11500000.0
1450,3,2,6,0,Chennai,10500000.0
2200,4,4,2,0,Chennai,16500000.0
1600,3,3,3,0,Chennai,9500000.0
1500,3,3,12,0,Chennai,7200000.0
1600,3,3,15,0,Chennai,11000000.0
1400,3,2,18,0,Chennai,9200000.0
1700,3,3,5,0,Chennai,9800000.0
1550,3,3,4,0,Chennai,8800000.0
1400,3,2,10,0,Chennai,7500000.0
1300,2,2,8,0,Chennai,6800000.0
1600,3,3,22,0,Chennai,14500000.0
1350,3,2,15,0,Chennai,8500000.0
1200,2,2,18,0,Chennai,7200000.0
1400,3,3,12,0,Chennai,7800000.0
1500,3,3,5,0,Chennai,11500000.0
1650,3,3,4,0,Chennai,10500000.0
1450,3,3,10,0,Chennai,9800000.0
1800,3,3,6,0,Chennai,14500000.0
1400,2,2,15,0,Chennai,9500000.0
1900,3,3,12,0,Chennai,18500000.0
1700,3,3,18,0,Chennai,16500000.0
1500,3,3,22,0,Chennai,14500000.0
1600,3,3,12,0,Chennai,18500000.0
2100,4,4,20,0,Chennai,28500000.0
2000,3,3,15,0,Chennai,22500000.0
1400,2,2,28,0,Chennai,14500000.0
1350,3,2,25,0,Chennai,16500000.0
2500,4,4,15,0,Chennai,55000000.0
3200,4,4,10,0,Chennai,85000000.0
3500,5,5,12,0,Chennai,95000000.0
2800,4,4,15,0,Chennai,65000000.0
2100,3,3,22,0,Chennai,38000000.0
1500,3,2,30,0,Chennai,22500000.0
3000,4,4,10,0,Chennai,75000000.0
2200,3,3,12,0,Chennai,32000000.0
2800,4,4,8,0,Chennai,65000000.0
2400,4,4,10,0,Chennai,48000000.0
2100,3,3,15,0,Chennai,35000000.0
2800,4,4,12,0,Chennai,58000000.0
2500,3,3,20,0,Chennai,42000000.0
3000,4,4,15,0,Chennai,75000000.0
3500,5,5,10,0,Chennai,98000000.0
4000,6,6,12,0,Chennai,180000000.0
4000,6,6,15,0,Chennai,250000000.0
2600,4,4,5,0,Chennai,62000000.0
2400,3,3,8,0,Chennai,55000000.0
2800,4,4,10,0,Chennai,78000000.0
3800,5,5,5,0,Chennai,120000000.0
1800,3,3,3,0,Chennai,16500000.0
2400,4,4,2,0,Chennai,19500000.0
1700,3,3,4,0,Chennai,14500000.0
1500,3,2,12,0,Chennai,15500000.0
1600,3,3,6,0,Chennai,10500000.0
1100,2,2,20,0,Chennai,8500000.0
2200,4,4,12,0,Chennai,45000000.0
1900,3,3,18,0,Chennai,32000000.0
1400,3,2,10,0,Chennai,16500000.0
1700,3,3,15,0,Chennai,22500000.0
1500,3,2,25,0,Chennai,28000000.0
1200,2,2,35,0,Chennai,16500000.0
2100,3,3,12,0,Chennai,38000000.0
1800,3,3,15,0,Chennai,28000000.0
1600,3,3,10,0,Chennai,18500000.0
1900,3,3,4,0,Chennai,13500000.0
3200,4,4,6,0,Chennai,65000000.0
1700,3,3,3,0,Chennai,12500000.0
2000,4,4,2,0,Chennai,15500000.0
1500,3,3,5,0,Chennai,9500000.0
1600,3,3,4,0,Chennai,9800000.0
1450,3,3,5,0,Chennai,8500000.0
1350,3,2,8,0,Chennai,7500000.0
1500,3,3,10,0,Chennai,9500000.0
1250,2,2,12,0,Chennai,8200000.0
1150,2,2,15,0,Chennai,7200000.0
1300,3,2,18,0,Chennai,7500000.0
1400,3,3,12,0,Chennai,8800000.0
1550,3,3,5,0,Chennai,8200000.0
1450,3,2,6,0,Chennai,6800000.0
1650,3,3,3,0,Chennai,10500000.0
1350,3,2,10,0,Chennai,7800000.0
1500,3,3,22,0,Chennai,13500000.0
1250,2,2,18,0,Chennai,9800000.0
1400,3,2,12,0,Chennai,9500000.0
1300,2,2,15,0,Chennai,8800000.0
1700,3,3,10,0,Chennai,17500000.0
2200,4,4,15,0,Chennai,42000000.0
2000,3,3,12,0,Chennai,31000000.0
2500,4,4,10,0,Chennai,55000000.0
2700,4,4,8,0,Chennai,62000000.0
2100,3,3,12,0,Chennai,36000000.0
2300,4,4,15,0,Chennai,45000000.0
2400,3,3,20,0,Chennai,38000000.0
2800,4,4,12,0,Chennai,65000000.0
3200,4,4,15,0,Chennai,85000000.0
2900,4,4,18,0,Chennai,72000000.0
2200,3,3,22,0,Chennai,42000000.0
1800,3,2,30,0,Chennai,28500000.0
2000,3,3,25,0,Chennai,36000000.0
1500,3,2,28,0,Chennai,19500000.0
1400,2,2,30,0,Chennai,16500000.0
1600,3,3,22,0,Chennai,19500000.0
2100,4,4,18,0,Chennai,29500000.0
1950,3,3,20,0,Chennai,24500000.0
1700,3,2,25,0,Chennai,18500000.0
1550,3,3,28,0,Chennai,16500000.0
1850,3,3,20,0,Chennai,21500000.0
1600,3,3,15,0,Chennai,14500000.0
1900,3,3,12,0,Chennai,18500000.0
1750,3,3,10,0,Chennai,14500000.0
1500,3,2,15,0,Chennai,11500000.0
1650,3,3,8,0,Chennai,12500000.0
1400,3,2,12,0,Chennai,8500000.0
1300,2,2,15,0,Chennai,7500000.0
1500,3,3,10,0,Chennai,8200000.0
1450,3,2,12,0,Chennai,7200000.0
1350,3,2,15,0,Chennai,7800000.0
1400,3,2,20,0,Chennai,9500000.0
1600,3,3,18,0,Chennai,11500000.0
1500,3,3,22,0,Chennai,10500000.0
1750,3,3,12,0,Chennai,11500000.0
1650,3,3,10,0,Chennai,9500000.0
1600,3,2,8,0,Chennai,8800000.0
2100,4,4,5,0,Chennai,14500000.0
1900,3,3,4,0,Chennai,15500000.0
1750,3,3,6,0,Chennai,13500000.0
1650,3,2,10,0,Chennai,11500000.0
1850,3,3,8,0,Chennai,16500000.0
1450,3,2,12,0,Chennai,11500000.0
1800,3,3,5,0,Chennai,19500000.0
2400,4,4,10,0,Chennai,48000000.0
2100,3,3,8,0,Chennai,35000000.0
2700,4,4,12,0,Chennai,62000000.0
2800,4,4,10,0,Chennai,68000000.0
2200,3,3,15,0,Chennai,39500000.0
2500,4,4,18,0,Chennai,52000000.0
2300,3,3,25,0,Chennai,45000000.0
3000,4,4,20,0,Chennai,85000000.0
3500,5,5,15,0,Chennai,115000000.0
3200,4,4,12,0,Chennai,85000000.0
2400,3,3,20,0,Chennai,48000000.0
1900,3,2,30,0,Chennai,32000000.0
2200,3,3,25,0,Chennai,45000000.0
1600,3,2,30,0,Chennai,22500000.0
1500,2,2,30,0,Chennai,19500000.0
1700,3,3,25,0,Chennai,24500000.0
2200,4,4,22,0,Chennai,35000000.0
2100,3,3,20,0,Chennai,29500000.0
1800,3,2,30,0,Chennai,21500000.0
1650,3,3,28,0,Chennai,18500000.0
2000,3,3,25,0,Chennai,26500000.0
1750,3,3,15,0,Chennai,18500000.0
2100,3,3,12,0,Chennai,22500000.0
1900,3,3,10,0,Chennai,17500000.0
1650,3,2,18,0,Chennai,14500000.0
1800,3,3,12,0,Chennai,16500000.0
1550,3,2,15,0,Chennai,11500000.0
1450,2,2,18,0,Chennai,9500000.0
1600,3,3,12,0,Chennai,9800000.0
1550,3,2,15,0,Chennai,8800000.0
1450,3,2,20,0,Chennai,9200000.0
1500,3,2,22,0,Chennai,11500000.0
1700,3,3,20,0,Chennai,13500000.0
1600,3,3,25,0,Chennai,12500000.0
1850,3,3,12,0,Chennai,14500000.0
1750,3,3,10,0,Chennai,12500000.0
1700,3,2,8,0,Chennai,11500000.0
2300,4,4,5,0,Chennai,17500000.0
2100,3,3,4,0,Chennai,19500000.0
1950,3,3,10,0,Chennai,16500000.0
1800,3,2,12,0,Chennai,14500000.0
2000,3,3,10,0,Chennai,19500000.0
1600,3,2,15,0,Chennai,14500000.0
2800,4,4,5,0,Chennai,75000000.0
2600,3,3,8,0,Chennai,65000000.0
3000,4,4,10,0,Chennai,95000000.0
4000,6,6,5,0,Chennai,150000000.0
2500,4,4,12,0,Chennai,58000000.0
3000,4,4,15,0,Chennai,75000000.0
3500,5,5,10,0,Chennai,120000000.0
3800,5,5,12,0,Chennai,145000000.0
4000,6,6,20,0,Chennai,280000000.0
4000,6,6,25,0,Chennai,350000000.0
2200,4,4,3,0,Chennai,18500000.0
2500,4,4,2,0,Chennai,22500000.0
1800,3,3,4,0,Chennai,12500000.0
2000,3,3,5,0,Chennai,17500000.0
1900,3,3,8,0,Chennai,22500000.0
1800,3,3,6,0,Chennai,15500000.0
1950,3,3,5,0,Chennai,13500000.0
1850,3,3,4,0,Chennai,12500000.0
1500,3,2,10,0,Chennai,9800000.0
1600,3,2,12,0,Chennai,9500000.0
1450,3,2,15,0,Chennai,11500000.0
1550,3,3,20,0,Chennai,12500000.0
1700,3,3,22,0,Chennai,14500000.0
1800,3,3,30,0,Chennai,13500000.0
1700,3,3,30,0,Chennai,12500000.0
1900,3,3,30,0,Chennai,22500000.0
2500,4,4,30,0,Chennai,48000000.0
2200,3,3,30,0,Chennai,35000000.0
2800,4,4,30,0,Chennai,68000000.0
2100,3,3,30,0,Chennai,19500000.0
2400,4,4,30,0,Chennai,21500000.0
4000,6,6,30,0,Chennai,180000000.0
2200,3,3,30,0,Chennai,42000000.0
3200,4,4,30,0,Chennai,95000000.0
3500,5,5,30,0,Chennai,125000000.0
2000,3,3,30,0,Chennai,35000000.0
2600,4,4,30,0,Chennai,55000000.0
2400,3,3,30,0,Chennai,48000000.0
2300,4,4,30,0,Chennai,38000000.0
2150,3,3,30,0,Chennai,31500000.0
1800,3,3,30,0,Chennai,26500000.0
1600,2,2,30,0,Chennai,21500000.0
1850,3,3,30,0,Chennai,19500000.0
2200,3,3,30,0,Chennai,24500000.0
2000,3,3,30,0,Chennai,19500000.0
1900,3,3,30,0,Chennai,18500000.0
1650,3,2,30,0,Chennai,13500000.0
1600,3,2,30,0,Chennai,14500000.0
1800,3,3,30,0,Chennai,16500000.0
1700,3,3,30,0,Chennai,15500000.0
1900,3,3,30,0,Chennai,22500000.0
2500,4,4,30,0,Chennai,48000000.0
2200,3,3,30,0,Chennai,35000000.0
2800,4,4,30,0,Chennai,68000000.0
2100,3,3,30,0,Chennai,19500000.0
2400,4,4,30,0,Chennai,21500000.0
4000,6,6,30,0,Chennai,180000000.0
2200,3,3,30,0,Chennai,42000000.0
3200,4,4,30,0,Chennai,95000000.0
3500,5,5,30,0,Chennai,125000000.0
2000,3,3,30,0,Chennai,35000000.0
2600,4,4,30,0,Chennai,55000000.0
2400,3,3,30,0,Chennai,48000000.0
2300,4,4,30,0,Chennai,38000000.0
2150,3,3,30,0,Chennai,31500000.0
1800,3,3,30,0,Chennai,26500000.0
1600,2,2,30,0,Chennai,21500000.0
1850,3,3,30,0,Chennai,19500000.0
2200,3,3,30,0,Chennai,24500000.0
2000,3,3,30,0,Chennai,19500000.0
1900,3,3,30,0,Chennai,18500000.0
1650,3,2,30,0,Chennai,13500000.0
1600,3,2,30,0,Chennai,14500000.0
1800,3,3,30,0,Chennai,16500000.0
1700,3,3,30,0,Chennai,15500000.0
1250,2,2,8,0,Pune,9550000.0
1400,3,3,4,0,Pune,12500000.0
1100,2,2,5,0,Pune,7820000.0
950,2,2,3,0,Pune,6500000.0
1600,3,3,10,0,Pune,18500000.0
1350,3,3,2,0,Pune,11550000.0
1500,3,3,12,0,Pune,16000000.0
1200,2,2,15,0,Pune,8500000.0
2400,4,4,12,0,Pune,35000000.0
2800,4,4,20,0,Pune,55000000.0
1450,3,3,18,0,Pune,17500000.0
1300,2,2,1,0,Pune,9200000.0
1250,2,2,8,0,Pune,8850000.0
1150,2,2,15,0,Pune,8200000.0
1400,3,3,6,0,Pune,11000000.0
1050,2,2,3,0,Pune,5250000.0
1100,2,2,4,0,Pune,5800000.0
1700,3,3,10,0,Pune,14500000.0
1300,3,2,12,0,Pune,8800000.0
1550,3,3,15,0,Pune,13500000.0
1200,2,2,25,0,Pune,9500000.0
1000,2,2,12,0,Pune,6200000.0
900,2,1,20,0,Pune,5500000.0
1150,2,2,8,0,Pune,7250000.0
1050,2,2,14,0,Pune,6800000.0
1250,2,2,22,0,Pune,11500000.0
2000,4,4,25,0,Pune,29000000.0
1800,3,3,28,0,Pune,26000000.0
2200,4,4,15,0,Pune,42000000.0
2500,4,4,30,0,Pune,58000000.0
3500,5,5,10,0,Pune,95000000.0
1400,3,3,20,0,Pune,12500000.0
1100,2,2,2,0,Pune,6800000.0
1500,3,3,7,0,Pune,14800000.0
1150,2,2,10,0,Pune,7500000.0
1000,2,2,5,0,Pune,5850000.0
1050,2,2,3,0,Pune,5500000.0
900,2,1,15,0,Pune,4800000.0
1100,2,2,25,0,Pune,7200000.0
1400,3,2,18,0,Pune,13500000.0
2600,4,4,22,0,Pune,48000000.0
1800,3,3,30,0,Pune,27500000.0
1350,3,2,25,0,Pune,11500000.0
1250,2,2,12,0,Pune,9800000.0
1100,2,2,2,0,Pune,7200000.0
1200,2,2,3,0,Pune,7800000.0
1050,2,2,1,0,Pune,5400000.0
950,2,1,6,0,Pune,4500000.0
900,2,1,4,0,Pune,4200000.0
1000,2,2,2,0,Pune,4850000.0
1600,3,3,8,0,Pune,13000000.0
1500,3,2,5,0,Pune,5500000.0
1400,3,2,10,0,Pune,5200000.0
1100,2,2,6,0,Pune,6500000.0
950,2,2,8,0,Pune,5500000.0
1050,2,2,10,0,Pune,6200000.0
1150,2,2,12,0,Pune,7000000.0
850,2,1,5,0,Pune,4200000.0
1200,3,2,2,0,Pune,4800000.0
1300,3,3,4,0,Pune,8800000.0
1250,2,2,1,0,Pune,8550000.0
1100,2,2,0,0,Pune,5200000.0
1150,2,2,3,0,Pune,7200000.0
1080,2,2,2,0,Pune,6950000.0
1050,2,2,1,0,Pune,6400000.0
1000,2,2,2,0,Pune,5800000.0
1400,3,3,3,0,Pune,9500000.0
1500,3,2,5,0,Pune,6200000.0
1300,3,2,10,0,Pune,5500000.0
900,2,1,8,0,Pune,3800000.0
950,2,2,12,0,Pune,4200000.0
1100,2,2,5,0,Pune,5800000.0
1150,2,2,4,0,Pune,6200000.0
1000,2,2,10,0,Pune,5400000.0
1200,3,2,20,0,Pune,6800000.0
1300,3,3,15,0,Pune,9200000.0
1400,3,3,18,0,Pune,11000000.0
1250,2,2,22,0,Pune,8800000.0
1500,3,3,25,0,Pune,12500000.0
1100,2,2,20,0,Pune,7800000.0
1200,2,2,15,0,Pune,8500000.0
1150,2,2,8,0,Pune,7400000.0
1100,2,2,12,0,Pune,7000000.0
1050,2,1,14,0,Pune,6500000.0
1350,3,2,10,0,Pune,6200000.0
1450,3,3,2,0,Pune,9850000.0
1280,3,2,1,0,Pune,8200000.0
1200,2,2,5,0,Pune,8500000.0
1300,3,2,4,0,Pune,8800000.0
1100,2,2,3,0,Pune,7200000.0
1000,2,2,2,0,Pune,5500000.0
1150,2,2,1,0,Pune,5800000.0
1400,3,3,0,0,Pune,6500000.0
1100,2,2,2,0,Pune,5200000.0
1500,3,3,15,0,Pune,16500000.0
1350,3,2,20,0,Pune,14500000.0
1700,3,3,12,0,Pune,21000000.0
1800,3,3,10,0,Pune,23500000.0
1600,3,2,22,0,Pune,15500000.0
1450,3,3,18,0,Pune,14000000.0
1300,2,2,25,0,Pune,11000000.0
1650,3,3,12,0,Pune,14800000.0
1900,3,3,15,0,Pune,19500000.0
1500,3,2,20,0,Pune,13500000.0
1100,2,2,10,0,Pune,6800000.0
1200,2,2,15,0,Pune,7500000.0
1800,3,3,5,0,Pune,15500000.0
1400,3,3,8,0,Pune,12500000.0
1250,2,2,4,0,Pune,6550000.0
1150,2,2,2,0,Pune,5800000.0
1050,2,2,5,0,Pune,5400000.0
1100,2,2,4,0,Pune,5800000.0
980,2,1,10,0,Pune,4500000.0
1600,3,3,12,0,Pune,7200000.0
1800,4,4,8,0,Pune,8500000.0
1150,2,2,18,0,Pune,6500000.0
1000,2,1,20,0,Pune,5800000.0
1100,2,2,15,0,Pune,6200000.0
1450,3,3,5,0,Pune,19500000.0
1200,2,2,12,0,Pune,8200000.0
1050,2,2,15,0,Pune,6500000.0
1300,3,2,6,0,Pune,8800000.0
1100,2,2,20,0,Pune,7200000.0
1250,2,2,5,0,Pune,9500000.0
1400,3,3,4,0,Pune,12500000.0
1600,3,3,3,0,Pune,15500000.0
1150,2,2,12,0,Pune,8500000.0
1050,2,2,6,0,Pune,6500000.0
900,2,1,2,0,Pune,3800000.0
1100,2,2,5,0,Pune,5200000.0
1200,3,2,8,0,Pune,6800000.0
1350,3,3,10,0,Pune,7500000.0
1250,2,2,15,0,Pune,9200000.0
1100,2,2,18,0,Pune,8500000.0
1000,2,1,25,0,Pune,7800000.0
1600,3,3,12,0,Pune,18500000.0
1500,3,2,20,0,Pune,15500000.0
1100,2,1,30,0,Pune,6800000.0
1300,3,2,10,0,Pune,11500000.0
1200,2,2,15,0,Pune,8800000.0
1150,2,2,18,0,Pune,8200000.0
1050,2,2,22,0,Pune,7500000.0
1400,3,3,12,0,Pune,12500000.0
1600,3,3,8,0,Pune,16500000.0
950,2,1,15,0,Pune,5500000.0
1100,2,2,12,0,Pune,7800000.0
1050,2,2,5,0,Pune,6200000.0
1000,2,1,20,0,Pune,5800000.0
1150,2,2,25,0,Pune,7500000.0
1200,2,2,28,0,Pune,8200000.0
1250,3,2,30,0,Pune,8800000.0
2200,4,4,30,0,Pune,48000000.0
2000,3,3,30,0,Pune,45000000.0
1800,3,3,30,0,Pune,38000000.0
1700,3,2,30,0,Pune,34000000.0
1100,2,2,30,0,Pune,12500000.0
1000,2,1,30,0,Pune,11000000.0
1200,2,2,30,0,Pune,13500000.0
900,2,1,30,0,Pune,9500000.0
1150,2,2,30,0,Pune,11500000.0
1050,2,2,30,0,Pune,10500000.0
1000,2,1,30,0,Pune,9800000.0
950,2,1,30,0,Pune,11000000.0
1100,2,2,30,0,Pune,12000000.0
1050,2,2,30,0,Pune,10500000.0
1000,2,1,30,0,Pune,11500000.0
1200,3,2,30,0,Pune,15500000.0
980,2,1,30,0,Pune,9200000.0
950,2,1,30,0,Pune,8800000.0
1500,3,3,30,0,Pune,22500000.0
1400,2,2,30,0,Pune,21000000.0
1600,3,3,30,0,Pune,26500000.0
1300,2,2,30,0,Pune,19500000.0
1200,2,2,30,0,Pune,17500000.0
1350,3,2,15,0,Pune,11000000.0
1100,2,2,5,0,Pune,5800000.0
1000,2,1,4,0,Pune,4500000.0
2500,4,4,12,0,Pune,52000000.0
1300,3,2,15,0,Pune,12000000.0
1400,3,2,20,0,Pune,13500000.0
1150,2,2,18,0,Pune,8500000.0
1250,2,2,15,0,Pune,9200000.0
1350,3,2,12,0,Pune,11500000.0
1100,2,1,25,0,Pune,7500000.0
1450,3,3,10,0,Pune,12800000.0
2200,4,4,15,0,Pune,45000000.0
1500,3,3,8,0,Pune,14000000.0
1200,2,2,5,0,Pune,8800000.0
1400,3,3,3,0,Pune,11000000.0
1050,2,2,4,0,Pune,6500000.0
1100,2,2,2,0,Pune,6200000.0
1300,3,2,1,0,Pune,9500000.0
1250,2,2,5,0,Pune,9800000.0
1450,3,3,10,0,Pune,12500000.0
1350,3,2,12,0,Pune,11800000.0
1200,2,2,15,0,Pune,8500000.0
1150,2,2,18,0,Pune,7800000.0
1700,3,3,8,0,Pune,21000000.0
1550,3,2,10,0,Pune,18500000.0
900,2,1,25,0,Pune,5200000.0
1600,3,3,15,0,Pune,19500000.0
1450,3,2,20,0,Pune,17500000.0
1300,2,2,22,0,Pune,15500000.0
1800,3,3,5,0,Pune,24500000.0
1400,3,3,12,0,Pune,13500000.0
1250,2,2,10,0,Pune,11000000.0
1150,2,2,15,0,Pune,9500000.0
1350,3,2,8,0,Pune,12000000.0
1100,2,2,14,0,Pune,8800000.0
1050,2,2,18,0,Pune,7800000.0
1200,2,2,12,0,Pune,9200000.0
1600,3,3,20,0,Pune,16500000.0
1300,3,2,15,0,Pune,12500000.0
2100,4,4,12,0,Pune,32000000.0
1900,3,3,10,0,Pune,28500000.0
2200,4,4,15,0,Pune,35000000.0
1800,3,3,22,0,Pune,25500000.0
1500,3,2,25,0,Pune,19500000.0
1400,3,2,20,0,Pune,16500000.0
1250,2,2,15,0,Pune,9500000.0
1100,2,1,22,0,Pune,7800000.0
1000,2,1,25,0,Pune,6500000.0
1150,2,2,12,0,Pune,7200000.0
1300,3,3,4,0,Pune,8800000.0
1200,3,2,6,0,Pune,7500000.0
1050,2,2,8,0,Pune,6200000.0
1400,3,3,2,0,Pune,9500000.0
1250,3,2,5,0,Pune,7800000.0
1100,2,2,10,0,Pune,6500000.0
1200,3,2,3,0,Pune,7200000.0
1000,2,1,15,0,Pune,5500000.0
1150,2,2,12,0,Pune,6800000.0
1300,3,3,2,0,Pune,7500000.0
1100,2,2,1,0,Pune,4500000.0
1500,3,3,5,0,Pune,5800000.0
1400,3,2,8,0,Pune,5500000.0
1200,2,2,12,0,Pune,7800000.0
1100,2,1,15,0,Pune,5200000.0
1350,3,3,5,0,Pune,8500000.0
1250,2,2,15,0,Pune,9200000.0
1600,3,3,10,0,Pune,17500000.0
1550,3,3,12,0,Pune,16500000.0
1900,4,4,8,0,Pune,22500000.0
1400,3,2,15,0,Pune,12500000.0
1100,2,1,25,0,Pune,6500000.0
1000,2,1,30,0,Pune,5500000.0
1150,2,2,20,0,Pune,6800000.0
1200,3,2,15,0,Pune,8500000.0
1100,2,2,5,0,Pune,5800000.0
1300,3,3,4,0,Pune,7500000.0
1450,3,3,10,0,Pune,13500000.0
1200,3,2,15,0,Pune,7200000.0
1050,2,2,12,0,Pune,4800000.0
1300,3,2,8,0,Pune,5500000.0
1150,2,2,10,0,Pune,7800000.0
1200,2,2,12,0,Pune,8200000.0
1000,2,1,20,0,Pune,5200000.0
950,2,1,25,0,Pune,4800000.0
1100,2,2,30,0,Pune,6500000.0
1350,3,2,25,0,Pune,12500000.0
1600,3,3,12,0,Pune,15500000.0
1800,3,3,8,0,Pune,16500000.0
1700,3,3,10,0,Pune,15500000.0
1250,2,2,15,0,Pune,8800000.0
1150,2,2,18,0,Pune,7200000.0
1200,2,2,14,0,Pune,7500000.0
1400,3,3,12,0,Pune,11000000.0
1300,3,2,10,0,Pune,10500000.0
1500,3,3,5,0,Pune,12500000.0
1450,3,2,8,0,Pune,11500000.0
1200,2,2,3,0,Pune,5500000.0
1100,2,2,2,0,Pune,5200000.0
1300,3,2,5,0,Pune,5800000.0
1000,2,1,10,0,Pune,4200000.0
1150,2,2,12,0,Pune,4800000.0
1350,3,2,8,0,Pune,9500000.0
1100,2,1,15,0,Pune,6500000.0
1250,2,2,12,0,Pune,7800000.0
1400,3,3,18,0,Pune,11000000.0
1600,3,3,20,0,Pune,13500000.0
1150,2,2,15,0,Pune,6200000.0
1000,2,1,12,0,Pune,7500000.0
1200,3,2,10,0,Pune,8200000.0
1100,2,2,8,0,Pune,6800000.0
1050,2,2,12,0,Pune,5800000.0
1150,2,2,5,0,Pune,7200000.0
1300,3,2,15,0,Pune,8500000.0
1100,2,2,18,0,Pune,6500000.0
1250,2,2,10,0,Pune,9200000.0
1350,3,2,12,0,Pune,10500000.0
1200,2,2,15,0,Pune,8800000.0
1100,2,2,20,0,Pune,8200000.0
1450,3,3,22,0,Pune,14500000.0
1200,2,2,15,0,Pune,7500000.0
1300,3,2,8,0,Pune,8200000.0
1400,3,3,12,0,Pune,11000000.0
1150,2,1,25,0,Pune,9500000.0
1500,3,3,5,0,Pune,12500000.0
1450,3,2,8,0,Pune,11500000.0
1600,3,3,10,0,Pune,14500000.0
1350,3,2,12,0,Pune,11800000.0
1550,3,3,6,0,Pune,13500000.0
1700,3,3,15,0,Pune,16500000.0
1800,3,3,5,0,Pune,19500000.0
1650,3,3,8,0,Pune,18500000.0
1200,2,2,12,0,Pune,9500000.0
1900,3,3,2,0,Pune,25500000.0
1400,3,2,5,0,Pune,14500000.0
1550,3,3,8,0,Pune,16500000.0
1300,3,2,3,0,Pune,11500000.0
1250,2,2,4,0,Pune,8800000.0
1450,3,3,6,0,Pune,9800000.0
1700,3,3,12,0,Pune,21000000.0
1300,2,2,25,0,Pune,14500000.0
1800,3,3,15,0,Pune,24500000.0
3800,6,6,20,0,Pune,125000000.0
3500,5,5,25,0,Pune,98000000.0
1100,2,1,30,0,Pune,6800000.0
1200,2,2,20,0,Pune,7800000.0
1050,2,1,25,0,Pune,6500000.0
1300,3,2,15,0,Pune,9500000.0
1600,3,3,8,0,Pune,17500000.0
1250,2,2,12,0,Pune,11000000.0
1400,3,3,5,0,Pune,11500000.0
1350,3,2,4,0,Pune,10500000.0
1200,2,2,8,0,Pune,9500000.0
1300,3,2,10,0,Pune,10800000.0
1450,3,3,2,0,Pune,11800000.0
1250,2,2,5,0,Pune,9200000.0
1500,3,3,8,0,Pune,14500000.0
1400,3,2,10,0,Pune,13500000.0
1250,2,2,12,0,Pune,8800000.0
1100,2,1,15,0,Pune,6500000.0
1200,2,2,18,0,Pune,7800000.0
1350,3,2,5,0,Pune,8200000.0
1400,3,3,2,0,Pune,9500000.0
1150,2,2,4,0,Pune,7200000.0
1250,3,2,1,0,Pune,7800000.0
1100,2,2,3,0,Pune,6200000.0
1050,2,2,5,0,Pune,5800000.0
1450,3,3,2,0,Pune,11500000.0
1200,2,2,20,0,Pune,8500000.0
1800,4,3,15,0,Pune,22500000.0
1400,3,2,25,0,Pune,11500000.0
1600,3,3,22,0,Pune,14500000.0
1100,2,1,30,0,Pune,8200000.0
1300,3,2,25,0,Pune,9800000.0
1000,2,1,20,0,Pune,5500000.0
1150,2,2,15,0,Pune,6200000.0
1200,3,2,10,0,Pune,6800000.0
1350,3,3,2,0,Pune,7200000.0
1100,2,2,8,0,Pune,5500000.0
1400,3,3,5,0,Pune,8200000.0
1250,2,2,2,0,Pune,7500000.0
1100,2,1,10,0,Pune,4200000.0
1600,4,4,15,0,Pune,7500000.0
1800,4,3,10,0,Pune,6500000.0
1500,3,2,12,0,Pune,6800000.0
2200,4,4,8,0,Pune,18500000.0
1300,3,2,20,0,Pune,5500000.0
1150,2,2,18,0,Pune,7800000.0
1000,2,1,30,0,Pune,8500000.0
1100,2,2,25,0,Pune,9500000.0
2400,4,4,15,0,Pune,48000000.0
2200,3,3,22,0,Pune,39500000.0
2000,3,3,18,0,Pune,35000000.0
3200,4,4,12,0,Pune,85000000.0
2800,4,4,10,0,Pune,72000000.0
2100,3,3,8,0,Pune,45000000.0
2500,4,4,12,0,Pune,65000000.0
2300,4,3,15,0,Pune,58000000.0
1400,2,2,30,0,Pune,19500000.0
1600,3,2,35,0,Pune,26500000.0
1700,3,3,30,0,Pune,28500000.0
1550,3,2,28,0,Pune,24500000.0
1450,2,2,25,0,Pune,21000000.0
1100,2,1,40,0,Pune,13500000.0
1250,2,2,35,0,Pune,16500000.0
1050,2,1,40,0,Pune,12500000.0
950,2,1,40,0,Pune,11000000.0
1200,2,2,30,0,Pune,14500000.0
1100,2,1,35,0,Pune,13500000.0
1150,2,2,30,0,Pune,14500000.0
1000,2,1,40,0,Pune,13000000.0
1150,2,2,30,0,Pune,15500000.0
1100,2,2,35,0,Pune,14500000.0
1050,2,1,38,0,Pune,13500000.0
1300,3,2,32,0,Pune,18500000.0
1000,2,1,35,0,Pune,12500000.0
980,2,1,40,0,Pune,11500000.0
1800,3,3,30,0,Pune,32000000.0
1600,2,2,30,0,Pune,28500000.0
1900,3,3,35,0,Pune,36500000.0
1500,2,2,30,0,Pune,25500000.0
1400,2,2,30,0,Pune,23500000.0
3200,5,5,12,0,Pune,110000000.0
3500,5,5,10,0,Pune,145000000.0
3000,4,4,15,0,Pune,95000000.0
2400,4,4,8,0,Pune,48000000.0
2600,4,4,10,0,Pune,55000000.0
4000,6,6,5,0,Pune,185000000.0
1800,3,3,6,0,Pune,24500000.0
1700,3,3,8,0,Pune,22500000.0
1500,3,2,3,0,Pune,14500000.0
1600,3,3,4,0,Pune,16500000.0
1750,3,3,2,0,Pune,21000000.0
1850,4,3,5,0,Pune,24500000.0
1400,3,2,12,0,Pune,11500000.0
1350,2,2,15,0,Pune,10500000.0
1600,3,3,18,0,Pune,19500000.0
1500,3,2,22,0,Pune,17500000.0
1800,3,3,12,0,Pune,25500000.0
1700,3,2,15,0,Pune,22500000.0
1650,3,3,5,0,Pune,18500000.0
1550,3,2,7,0,Pune,16500000.0
1300,2,2,6,0,Pune,11000000.0
1400,3,3,8,0,Pune,12500000.0
1500,3,3,3,0,Pune,14500000.0
1600,4,3,4,0,Pune,16500000.0
1200,2,2,5,0,Pune,9200000.0
1300,3,2,6,0,Pune,10500000.0
1400,3,3,10,0,Pune,13500000.0
1350,2,2,12,0,Pune,11800000.0
1500,3,3,20,0,Pune,16500000.0
1800,4,3,15,0,Pune,24500000.0
1300,2,2,18,0,Pune,10500000.0
1100,2,1,25,0,Pune,8500000.0
1400,3,2,20,0,Pune,12500000.0
1600,3,3,15,0,Pune,18500000.0
1850,4,4,10,0,Pune,21000000.0
1450,3,3,5,0,Pune,11500000.0
1200,2,2,3,0,Pune,6500000.0
1100,2,1,4,0,Pune,5800000.0
1550,3,3,6,0,Pune,14500000.0
1400,3,2,2,0,Pune,11000000.0
1300,2,2,4,0,Pune,12500000.0
1500,3,3,10,0,Pune,14500000.0
1600,3,3,12,0,Pune,16500000.0
1400,3,2,15,0,Pune,11500000.0
1350,2,2,20,0,Pune,13500000.0
2200,4,4,15,0,Pune,52000000.0
2400,4,4,22,0,Pune,58000000.0
2100,3,3,25,0,Pune,48000000.0
3000,4,4,18,0,Pune,85000000.0
2800,4,3,12,0,Pune,75000000.0
1400,3,2,15,0,Pune,11500000.0
1500,3,3,18,0,Pune,13500000.0
1350,2,2,22,0,Pune,11000000.0
1600,3,3,12,0,Pune,15500000.0
1250,2,2,25,0,Pune,9500000.0
1300,3,2,8,0,Pune,8500000.0
1100,2,2,10,0,Pune,6500000.0
1050,2,1,15,0,Pune,4500000.0
1800,4,3,12,0,Pune,9500000.0
2000,4,4,10,0,Pune,11500000.0
1400,3,2,5,0,Pune,7500000.0
1500,3,3,6,0,Pune,10500000.0
1300,2,2,2,0,Pune,11000000.0
1600,3,3,8,0,Pune,14500000.0
1250,2,2,8,0,Ahmedabad,7550000.0
1800,3,3,5,0,Ahmedabad,11500000.0
1100,2,2,4,0,Ahmedabad,4820000.0
950,2,1,12,0,Ahmedabad,4200000.0
2400,4,4,2,0,Ahmedabad,21000000.0
2100,3,3,6,0,Ahmedabad,18500000.0
1050,2,2,3,0,Ahmedabad,4550000.0
1200,2,2,7,0,Ahmedabad,4900000.0
1600,3,2,15,0,Ahmedabad,9500000.0
1450,3,3,20,0,Ahmedabad,10500000.0
1350,2,2,10,0,Ahmedabad,8800000.0
1550,3,3,1,0,Ahmedabad,6800000.0
900,2,2,5,0,Ahmedabad,3500000.0
1300,3,2,8,0,Ahmedabad,5500000.0
1400,3,3,4,0,Ahmedabad,6250000.0
1250,2,2,18,0,Ahmedabad,7200000.0
1400,3,2,14,0,Ahmedabad,8200000.0
1150,2,2,12,0,Ahmedabad,6500000.0
1750,3,3,9,0,Ahmedabad,11000000.0
1320,3,2,4,0,Ahmedabad,5800000.0
2800,4,4,2,0,Ahmedabad,14500000.0
2200,4,4,3,0,Ahmedabad,16500000.0
850,2,1,15,0,Ahmedabad,2800000.0
750,1,1,10,0,Ahmedabad,2250000.0
3200,5,5,1,0,Ahmedabad,28000000.0
3500,5,6,2,0,Ahmedabad,45000000.0
1500,3,3,25,0,Ahmedabad,8500000.0
1100,2,2,14,0,Ahmedabad,5800000.0
1300,3,2,22,0,Ahmedabad,6500000.0
1000,2,2,11,0,Ahmedabad,4400000.0
1200,2,2,18,0,Ahmedabad,5200000.0
1850,3,3,12,0,Ahmedabad,13000000.0
980,2,1,9,0,Ahmedabad,3850000.0
1150,2,2,15,0,Ahmedabad,4500000.0
880,2,2,6,0,Ahmedabad,3600000.0
1650,3,3,3,0,Ahmedabad,6500000.0
1450,3,3,2,0,Ahmedabad,5500000.0
1200,2,2,4,0,Ahmedabad,4800000.0
800,2,1,10,0,Ahmedabad,2500000.0
950,2,2,12,0,Ahmedabad,3200000.0
1100,2,2,14,0,Ahmedabad,3800000.0
1600,3,3,22,0,Ahmedabad,12000000.0
1400,3,2,28,0,Ahmedabad,9500000.0
3800,5,5,1,0,Ahmedabad,52000000.0
1500,3,3,5,0,Ahmedabad,6200000.0
2200,4,4,10,0,Ahmedabad,18000000.0
1400,2,2,7,0,Ahmedabad,9200000.0
1900,3,3,8,0,Ahmedabad,13500000.0
2600,4,4,5,0,Ahmedabad,24000000.0
1100,2,2,12,0,Ahmedabad,4800000.0
1800,3,3,2,0,Ahmedabad,11000000.0
1400,3,3,6,0,Ahmedabad,5800000.0
1100,2,2,4,0,Ahmedabad,4500000.0
2000,4,3,15,0,Ahmedabad,14500000.0
1350,3,2,3,0,Ahmedabad,6000000.0
2100,3,3,2,0,Ahmedabad,9500000.0
750,1,1,8,0,Ahmedabad,2800000.0
1600,3,3,10,0,Ahmedabad,6500000.0
1250,2,2,6,0,Ahmedabad,5400000.0
1400,3,3,4,0,Ahmedabad,4800000.0
1200,3,2,11,0,Ahmedabad,3900000.0
850,2,1,18,0,Ahmedabad,2200000.0
900,2,2,12,0,Ahmedabad,2400000.0
1600,3,3,15,0,Ahmedabad,7800000.0
1050,2,2,10,0,Ahmedabad,3600000.0
1300,2,2,14,0,Ahmedabad,7500000.0
1450,3,2,12,0,Ahmedabad,5800000.0
1000,2,1,25,0,Ahmedabad,4400000.0
1800,3,3,18,0,Ahmedabad,11000000.0
2200,4,4,22,0,Ahmedabad,18500000.0
2000,3,3,12,0,Ahmedabad,14000000.0
1300,3,2,20,0,Ahmedabad,7800000.0
1500,3,3,10,0,Ahmedabad,9200000.0
1400,3,2,15,0,Ahmedabad,8500000.0
1200,2,2,14,0,Ahmedabad,5200000.0
1100,2,2,8,0,Ahmedabad,4200000.0
1300,3,2,12,0,Ahmedabad,5500000.0
950,2,1,7,0,Ahmedabad,3400000.0
1800,3,3,2,0,Ahmedabad,7800000.0
1350,3,2,4,0,Ahmedabad,5200000.0
1150,2,2,3,0,Ahmedabad,4400000.0
4000,6,6,0,0,Ahmedabad,42000000.0
3500,5,5,1,0,Ahmedabad,38000000.0
3200,4,4,3,0,Ahmedabad,32000000.0
3000,5,5,4,0,Ahmedabad,29000000.0
2800,4,4,6,0,Ahmedabad,22500000.0
1850,3,3,10,0,Ahmedabad,13500000.0
2200,4,4,2,0,Ahmedabad,19500000.0
1650,3,3,12,0,Ahmedabad,11000000.0
1800,3,3,2,0,Ahmedabad,8500000.0
1450,3,3,4,0,Ahmedabad,5800000.0
1250,2,2,5,0,Ahmedabad,5000000.0
1350,3,2,8,0,Ahmedabad,5500000.0
1100,2,2,12,0,Ahmedabad,4500000.0
1600,3,3,3,0,Ahmedabad,7200000.0
1100,2,2,10,0,Ahmedabad,3200000.0
1200,2,2,6,0,Ahmedabad,4000000.0
1000,2,2,15,0,Ahmedabad,3500000.0
1400,3,3,18,0,Ahmedabad,7000000.0
2200,4,4,10,0,Ahmedabad,16500000.0
1600,3,2,12,0,Ahmedabad,9500000.0
1800,3,3,25,0,Ahmedabad,12500000.0
1300,3,2,20,0,Ahmedabad,5800000.0
1100,2,2,15,0,Ahmedabad,4600000.0
1500,3,3,5,0,Ahmedabad,7200000.0
2000,3,3,3,0,Ahmedabad,12500000.0
2400,4,4,2,0,Ahmedabad,11500000.0
2600,4,4,5,0,Ahmedabad,16000000.0
1200,2,2,12,0,Ahmedabad,8200000.0
1500,3,3,15,0,Ahmedabad,9500000.0
1600,3,2,8,0,Ahmedabad,10500000.0
1900,3,3,7,0,Ahmedabad,16500000.0
1400,2,2,22,0,Ahmedabad,8800000.0
1700,3,3,18,0,Ahmedabad,10500000.0
1300,2,2,15,0,Ahmedabad,7500000.0
1500,3,3,12,0,Ahmedabad,9200000.0
1000,2,2,10,0,Ahmedabad,4500000.0
1250,3,2,11,0,Ahmedabad,4800000.0
1400,3,3,14,0,Ahmedabad,5800000.0
1100,2,2,8,0,Ahmedabad,4200000.0
1600,3,3,4,0,Ahmedabad,6500000.0
1500,3,3,3,0,Ahmedabad,5800000.0
1300,3,2,2,0,Ahmedabad,4800000.0
1000,2,2,12,0,Ahmedabad,2600000.0
1300,3,2,8,0,Ahmedabad,4200000.0
1500,3,3,5,0,Ahmedabad,5500000.0
1700,3,3,2,0,Ahmedabad,7800000.0
1200,2,2,6,0,Ahmedabad,4800000.0
3000,4,4,1,0,Ahmedabad,18500000.0
2500,4,4,4,0,Ahmedabad,17500000.0
3500,5,5,1,0,Ahmedabad,32000000.0
4000,5,6,1,0,Ahmedabad,65000000.0
2800,4,4,2,0,Ahmedabad,28500000.0
2000,3,3,8,0,Ahmedabad,15500000.0
1900,3,3,5,0,Ahmedabad,14500000.0
2300,4,4,4,0,Ahmedabad,21000000.0
2100,3,3,7,0,Ahmedabad,16500000.0
1600,3,3,5,0,Ahmedabad,7800000.0
1150,2,2,5,0,Ahmedabad,4600000.0
1250,3,2,9,0,Ahmedabad,5200000.0
1400,3,3,10,0,Ahmedabad,6200000.0
1350,3,2,7,0,Ahmedabad,5800000.0
1200,2,2,20,0,Ahmedabad,5800000.0
2500,4,4,12,0,Ahmedabad,19000000.0
1500,3,3,15,0,Ahmedabad,9200000.0
1650,3,2,28,0,Ahmedabad,11000000.0
1800,3,3,9,0,Ahmedabad,13500000.0
1250,2,2,14,0,Ahmedabad,7200000.0
1700,3,3,18,0,Ahmedabad,11500000.0
1450,3,2,22,0,Ahmedabad,8800000.0
1400,3,3,12,0,Ahmedabad,8400000.0
1200,2,2,10,0,Ahmedabad,5000000.0
1150,2,2,20,0,Ahmedabad,5200000.0
1050,2,2,12,0,Ahmedabad,4000000.0
1200,2,2,15,0,Ahmedabad,4800000.0
1000,2,2,10,0,Ahmedabad,3800000.0
1250,2,2,5,0,Ahmedabad,4500000.0
1400,3,3,2,0,Ahmedabad,5500000.0
1800,3,3,4,0,Ahmedabad,7200000.0
1500,3,3,3,0,Ahmedabad,6200000.0
1200,2,2,4,0,Ahmedabad,5200000.0
1350,3,2,7,0,Ahmedabad,5500000.0
2200,3,3,2,0,Ahmedabad,10500000.0
1700,3,3,4,0,Ahmedabad,9800000.0
2800,4,4,3,0,Ahmedabad,19500000.0
2500,4,4,5,0,Ahmedabad,22000000.0
2200,3,3,6,0,Ahmedabad,19500000.0
1300,2,2,10,0,Ahmedabad,8800000.0
1400,2,2,12,0,Ahmedabad,9800000.0
1200,2,2,14,0,Ahmedabad,8200000.0
1550,3,3,25,0,Ahmedabad,10500000.0
2000,4,3,22,0,Ahmedabad,16500000.0
1300,2,2,20,0,Ahmedabad,7800000.0
1100,2,2,18,0,Ahmedabad,6500000.0
1500,3,3,12,0,Ahmedabad,8200000.0
900,2,1,15,0,Ahmedabad,3000000.0
1000,2,2,12,0,Ahmedabad,3000000.0
1100,2,2,8,0,Ahmedabad,3800000.0
950,2,1,20,0,Ahmedabad,3200000.0
800,2,1,15,0,Ahmedabad,2200000.0
700,1,1,25,0,Ahmedabad,1800000.0
1200,2,2,10,0,Ahmedabad,5000000.0
1500,3,3,5,0,Ahmedabad,6800000.0
1150,2,2,6,0,Ahmedabad,4600000.0
1400,3,2,6,0,Ahmedabad,6500000.0
1700,3,3,2,0,Ahmedabad,7200000.0
1450,3,2,4,0,Ahmedabad,5500000.0
1200,2,2,2,0,Ahmedabad,4200000.0
2600,4,4,1,0,Ahmedabad,12500000.0
2300,4,4,3,0,Ahmedabad,15500000.0
3000,5,5,2,0,Ahmedabad,25000000.0
3200,4,4,2,0,Ahmedabad,31000000.0
3800,5,5,1,0,Ahmedabad,48000000.0
3200,5,5,3,0,Ahmedabad,35000000.0
2700,4,4,4,0,Ahmedabad,24000000.0
1700,3,3,9,0,Ahmedabad,12500000.0
2100,4,4,3,0,Ahmedabad,18500000.0
1500,3,2,11,0,Ahmedabad,10500000.0
1350,2,2,15,0,Ahmedabad,8500000.0
1800,3,3,12,0,Ahmedabad,12500000.0
1600,3,3,18,0,Ahmedabad,9800000.0
1400,2,2,30,0,Ahmedabad,9500000.0
1200,2,2,14,0,Ahmedabad,7200000.0
1700,3,3,12,0,Ahmedabad,10500000.0
1350,3,2,15,0,Ahmedabad,6800000.0
1600,3,3,2,0,Ahmedabad,7200000.0
1150,2,2,5,0,Ahmedabad,4600000.0
1350,3,2,4,0,Ahmedabad,5500000.0
1100,2,2,10,0,Ahmedabad,4400000.0
1500,3,3,6,0,Ahmedabad,6200000.0
1450,3,3,4,0,Ahmedabad,6000000.0
1350,3,2,7,0,Ahmedabad,4500000.0
1150,2,2,12,0,Ahmedabad,3500000.0
1000,2,1,15,0,Ahmedabad,3800000.0
1250,3,2,10,0,Ahmedabad,5200000.0
1050,2,2,7,0,Ahmedabad,4000000.0
1400,3,3,3,0,Ahmedabad,5400000.0
1250,2,2,1,0,Ahmedabad,4500000.0
1200,2,2,5,0,Ahmedabad,5500000.0
1900,3,3,2,0,Ahmedabad,11500000.0
2500,4,4,2,0,Ahmedabad,12000000.0
2900,4,4,4,0,Ahmedabad,18500000.0
2300,3,3,6,0,Ahmedabad,17500000.0
2000,3,3,5,0,Ahmedabad,18000000.0
1500,2,2,8,0,Ahmedabad,10500000.0
1600,3,3,12,0,Ahmedabad,11500000.0
1400,2,2,15,0,Ahmedabad,9500000.0
1650,3,3,20,0,Ahmedabad,11000000.0
1550,3,3,22,0,Ahmedabad,9200000.0
2100,4,4,25,0,Ahmedabad,19500000.0
1450,3,3,12,0,Ahmedabad,8800000.0
1300,2,2,14,0,Ahmedabad,8200000.0
1100,2,2,11,0,Ahmedabad,4800000.0
1150,2,2,9,0,Ahmedabad,4400000.0
1350,3,2,12,0,Ahmedabad,5800000.0
1100,2,2,6,0,Ahmedabad,4200000.0
1550,3,3,3,0,Ahmedabad,6800000.0
1350,3,2,2,0,Ahmedabad,5200000.0
1100,2,2,1,0,Ahmedabad,4000000.0
1700,3,3,5,0,Ahmedabad,6800000.0
1650,3,3,4,0,Ahmedabad,7500000.0
1450,3,3,3,0,Ahmedabad,6500000.0
1250,2,2,6,0,Ahmedabad,5000000.0
2300,3,3,2,0,Ahmedabad,11000000.0
2100,4,4,3,0,Ahmedabad,14500000.0
3100,5,5,1,0,Ahmedabad,28000000.0
3600,5,5,2,0,Ahmedabad,42000000.0
3000,4,4,2,0,Ahmedabad,31000000.0
2400,4,4,5,0,Ahmedabad,22500000.0
2200,3,3,8,0,Ahmedabad,17500000.0
1800,3,3,10,0,Ahmedabad,14500000.0
2000,3,3,4,0,Ahmedabad,15500000.0
1700,3,3,12,0,Ahmedabad,12500000.0
1450,3,2,14,0,Ahmedabad,9500000.0
1900,3,3,15,0,Ahmedabad,13500000.0
1500,3,3,20,0,Ahmedabad,9500000.0
1500,3,2,28,0,Ahmedabad,10500000.0
1350,3,3,15,0,Ahmedabad,8500000.0
1650,3,3,14,0,Ahmedabad,10000000.0
1450,3,3,18,0,Ahmedabad,7500000.0
1150,2,2,12,0,Ahmedabad,4800000.0
1250,3,2,18,0,Ahmedabad,5500000.0
1100,2,2,10,0,Ahmedabad,4200000.0
1300,3,2,14,0,Ahmedabad,5500000.0
1050,2,1,8,0,Ahmedabad,3800000.0
1400,3,3,4,0,Ahmedabad,5800000.0
1300,2,2,3,0,Ahmedabad,4800000.0
1500,3,3,2,0,Ahmedabad,6000000.0
1300,2,2,4,0,Ahmedabad,5500000.0
1400,3,2,7,0,Ahmedabad,6000000.0
2700,4,4,1,0,Ahmedabad,13500000.0
1800,3,3,4,0,Ahmedabad,10500000.0
2700,4,4,5,0,Ahmedabad,17500000.0
3400,4,4,1,0,Ahmedabad,34000000.0
3300,4,5,2,0,Ahmedabad,35000000.0
2100,3,3,6,0,Ahmedabad,18500000.0
1950,3,3,7,0,Ahmedabad,15500000.0
1350,2,2,15,0,Ahmedabad,8800000.0
1450,2,2,9,0,Ahmedabad,9500000.0
1250,2,2,13,0,Ahmedabad,8500000.0
1450,2,2,24,0,Ahmedabad,9200000.0
1350,3,2,22,0,Ahmedabad,8200000.0
1750,3,3,20,0,Ahmedabad,13500000.0
1250,2,2,16,0,Ahmedabad,7800000.0
1400,3,3,14,0,Ahmedabad,9200000.0
1050,2,2,12,0,Ahmedabad,4600000.0
1200,3,2,10,0,Ahmedabad,5000000.0
1450,3,3,15,0,Ahmedabad,6200000.0
1150,2,2,9,0,Ahmedabad,4500000.0
1650,3,3,5,0,Ahmedabad,7200000.0
1550,3,3,4,0,Ahmedabad,6200000.0
1350,3,2,3,0,Ahmedabad,5000000.0
950,2,1,14,0,Ahmedabad,2400000.0
1250,3,2,10,0,Ahmedabad,3800000.0
1450,3,3,6,0,Ahmedabad,5200000.0
1100,2,2,12,0,Ahmedabad,3800000.0
1050,2,2,18,0,Ahmedabad,3600000.0
1550,3,3,14,0,Ahmedabad,8000000.0
2100,4,3,15,0,Ahmedabad,15000000.0
1450,3,2,18,0,Ahmedabad,8800000.0
1300,2,2,11,0,Ahmedabad,5400000.0
1050,2,1,22,0,Ahmedabad,4800000.0
1550,3,3,4,0,Ahmedabad,7500000.0
2200,4,4,3,0,Ahmedabad,14000000.0
2800,4,4,2,0,Ahmedabad,14000000.0
3200,5,5,3,0,Ahmedabad,28000000.0
3800,5,6,1,0,Ahmedabad,45000000.0
3600,5,5,2,0,Ahmedabad,42000000.0
2800,4,4,4,0,Ahmedabad,26000000.0
2600,4,4,6,0,Ahmedabad,21500000.0
1900,3,3,8,0,Ahmedabad,15500000.0
1750,3,2,7,0,Ahmedabad,13500000.0
1600,3,3,10,0,Ahmedabad,11500000.0
1200,2,2,18,0,Ahmedabad,7800000.0
2100,4,4,15,0,Ahmedabad,16000000.0
1750,3,3,20,0,Ahmedabad,11500000.0
1300,2,2,35,0,Ahmedabad,8500000.0
1550,3,3,12,0,Ahmedabad,9800000.0
1850,3,3,10,0,Ahmedabad,12500000.0
1250,2,2,22,0,Ahmedabad,6200000.0
1750,3,3,1,0,Ahmedabad,8800000.0
1000,2,1,8,0,Ahmedabad,4200000.0
1200,2,2,6,0,Ahmedabad,4800000.0
1400,3,3,7,0,Ahmedabad,5800000.0
1350,3,2,8,0,Ahmedabad,5500000.0
1200,2,2,10,0,Ahmedabad,5200000.0
1150,2,2,9,0,Ahmedabad,3800000.0
1050,2,1,14,0,Ahmedabad,3200000.0
950,2,1,18,0,Ahmedabad,3500000.0
1100,2,2,12,0,Ahmedabad,4500000.0
900,2,1,11,0,Ahmedabad,3200000.0
1450,3,2,4,0,Ahmedabad,5800000.0
1450,3,3,2,0,Ahmedabad,5500000.0
1350,2,2,6,0,Ahmedabad,6200000.0
2400,4,4,3,0,Ahmedabad,16500000.0
2450,4,4,3,0,Ahmedabad,11500000.0
3400,5,5,2,0,Ahmedabad,31000000.0
2400,3,3,5,0,Ahmedabad,18500000.0
2500,4,4,4,0,Ahmedabad,23500000.0
1850,3,3,6,0,Ahmedabad,14500000.0
1550,3,2,14,0,Ahmedabad,10500000.0
1450,3,2,16,0,Ahmedabad,10000000.0
1750,3,3,18,0,Ahmedabad,12000000.0
1400,3,2,25,0,Ahmedabad,8800000.0
2200,4,4,20,0,Ahmedabad,21000000.0
1300,3,2,15,0,Ahmedabad,8200000.0
1550,3,3,12,0,Ahmedabad,10500000.0
1150,2,2,14,0,Ahmedabad,5200000.0
1300,3,2,10,0,Ahmedabad,5400000.0
1200,2,2,16,0,Ahmedabad,5000000.0
1000,2,2,10,0,Ahmedabad,4000000.0
1850,3,3,2,0,Ahmedabad,8200000.0
1250,2,2,5,0,Ahmedabad,4800000.0
1200,2,2,2,0,Ahmedabad,4400000.0
1900,4,4,3,0,Ahmedabad,8500000.0
1450,3,2,5,0,Ahmedabad,6800000.0
1500,3,3,2,0,Ahmedabad,7000000.0
1300,2,2,7,0,Ahmedabad,5200000.0
2100,3,3,2,0,Ahmedabad,9800000.0
2000,3,3,4,0,Ahmedabad,12500000.0
2950,4,4,3,0,Ahmedabad,20500000.0
3500,5,5,1,0,Ahmedabad,39000000.0
3200,4,4,2,0,Ahmedabad,32500000.0
2600,4,4,6,0,Ahmedabad,24500000.0
2150,3,3,9,0,Ahmedabad,17000000.0
1750,3,3,11,0,Ahmedabad,14000000.0
2150,4,4,3,0,Ahmedabad,19500000.0
1750,3,3,10,0,Ahmedabad,13500000.0
1400,2,2,15,0,Ahmedabad,9200000.0
2000,4,4,16,0,Ahmedabad,15500000.0
1650,3,3,22,0,Ahmedabad,10500000.0
1600,3,2,30,0,Ahmedabad,11500000.0
1400,3,3,18,0,Ahmedabad,9200000.0
1750,3,3,15,0,Ahmedabad,11500000.0
1400,3,2,20,0,Ahmedabad,7200000.0
1200,2,2,14,0,Ahmedabad,5200000.0
1100,2,2,25,0,Ahmedabad,5000000.0
1150,2,2,12,0,Ahmedabad,4500000.0
1350,3,3,15,0,Ahmedabad,6200000.0
1100,2,2,10,0,Ahmedabad,4400000.0
1500,3,3,4,0,Ahmedabad,6500000.0
1400,3,2,4,0,Ahmedabad,5800000.0
1400,3,3,2,0,Ahmedabad,5800000.0
1400,3,2,4,0,Ahmedabad,6200000.0
1500,3,3,6,0,Ahmedabad,6800000.0
2900,4,4,1,0,Ahmedabad,14500000.0
1900,3,3,3,0,Ahmedabad,11500000.0
2800,4,4,4,0,Ahmedabad,18500000.0
3700,5,5,1,0,Ahmedabad,41000000.0
3500,5,6,2,0,Ahmedabad,44000000.0
2200,3,3,7,0,Ahmedabad,19500000.0
2050,3,3,8,0,Ahmedabad,16500000.0
1450,2,2,14,0,Ahmedabad,9500000.0
1550,2,2,10,0,Ahmedabad,10500000.0
1350,2,2,12,0,Ahmedabad,9200000.0
1550,2,2,22,0,Ahmedabad,10500000.0
1450,3,3,20,0,Ahmedabad,9500000.0
1850,3,3,22,0,Ahmedabad,14500000.0
1350,2,2,15,0,Ahmedabad,8500000.0
1450,3,3,12,0,Ahmedabad,9800000.0
1100,2,2,11,0,Ahmedabad,5000000.0
1250,3,2,9,0,Ahmedabad,5500000.0
1500,3,3,14,0,Ahmedabad,6800000.0
1200,2,2,8,0,Ahmedabad,4800000.0
1700,3,3,4,0,Ahmedabad,7500000.0
1600,3,3,3,0,Ahmedabad,6800000.0
1450,3,2,2,0,Ahmedabad,5500000.0
1000,2,1,12,0,Ahmedabad,2600000.0
1300,3,2,11,0,Ahmedabad,4200000.0
1500,3,3,5,0,Ahmedabad,5800000.0
1200,2,2,10,0,Ahmedabad,4200000.0
1150,2,2,15,0,Ahmedabad,4000000.0
1650,3,3,12,0,Ahmedabad,8800000.0
2300,4,4,14,0,Ahmedabad,17500000.0
1550,3,3,15,0,Ahmedabad,9800000.0
1400,3,2,10,0,Ahmedabad,6200000.0
1150,2,1,20,0,Ahmedabad,5200000.0
1650,3,3,3,0,Ahmedabad,8000000.0
2300,4,4,2,0,Ahmedabad,15500000.0
3000,4,4,1,0,Ahmedabad,16000000.0
3400,5,5,2,0,Ahmedabad,31000000.0
4000,6,6,1,0,Ahmedabad,55000000.0
3800,5,5,1,0,Ahmedabad,52000000.0
3000,4,4,3,0,Ahmedabad,29500000.0
2800,4,4,5,0,Ahmedabad,24500000.0
2000,3,3,7,0,Ahmedabad,17500000.0
1900,3,3,6,0,Ahmedabad,16500000.0
1700,3,3,11,0,Ahmedabad,13500000.0
1300,2,2,16,0,Ahmedabad,8500000.0
2200,4,4,14,0,Ahmedabad,18500000.0
1850,3,3,18,0,Ahmedabad,13500000.0
1400,2,2,30,0,Ahmedabad,9800000.0
1650,3,3,10,0,Ahmedabad,11500000.0
1950,4,4,8,0,Ahmedabad,14500000.0
1350,2,2,20,0,Ahmedabad,7000000.0
1850,3,3,1,0,Ahmedabad,9500000.0
1100,2,2,7,0,Ahmedabad,4500000.0
1300,2,2,5,0,Ahmedabad,5200000.0
1500,3,3,6,0,Ahmedabad,6500000.0
1450,3,3,7,0,Ahmedabad,6200000.0
1300,2,2,9,0,Ahmedabad,5800000.0
1250,2,2,8,0,Ahmedabad,4200000.0
1150,2,2,12,0,Ahmedabad,3800000.0
1050,2,2,15,0,Ahmedabad,4200000.0
1200,2,2,10,0,Ahmedabad,5000000.0
1000,2,1,10,0,Ahmedabad,3600000.0
1550,3,3,3,0,Ahmedabad,6500000.0
1550,3,3,2,0,Ahmedabad,6200000.0
1450,3,2,5,0,Ahmedabad,6800000.0
2500,4,4,2,0,Ahmedabad,18500000.0
2600,4,4,2,0,Ahmedabad,13000000.0
3600,5,5,1,0,Ahmedabad,34000000.0
2600,4,4,4,0,Ahmedabad,21500000.0
2700,4,4,3,0,Ahmedabad,27500000.0
2000,3,3,5,0,Ahmedabad,16500000.0
1700,3,3,12,0,Ahmedabad,12500000.0
1550,3,3,14,0,Ahmedabad,11500000.0
1850,3,3,16,0,Ahmedabad,13500000.0
1500,3,2,22,0,Ahmedabad,9500000.0
2300,4,4,18,0,Ahmedabad,24500000.0
1400,3,3,12,0,Ahmedabad,9200000.0
1650,3,3,10,0,Ahmedabad,12000000.0
1250,2,2,12,0,Ahmedabad,5800000.0
1400,3,3,9,0,Ahmedabad,6500000.0
1300,3,2,14,0,Ahmedabad,5800000.0
1100,2,2,8,0,Ahmedabad,4500000.0
1950,4,4,1,0,Ahmedabad,9500000.0
1350,2,2,4,0,Ahmedabad,5200000.0
1300,2,2,2,0,Ahmedabad,4800000.0
2000,4,4,2,0,Ahmedabad,10500000.0
1550,3,3,4,0,Ahmedabad,7500000.0
1600,3,3,1,0,Ahmedabad,8200000.0
1400,3,3,6,0,Ahmedabad,6200000.0
2200,3,3,2,0,Ahmedabad,10500000.0
2100,4,4,3,0,Ahmedabad,14500000.0
3100,5,5,2,0,Ahmedabad,22500000.0
3600,5,5,1,0,Ahmedabad,45000000.0
3100,4,4,2,0,Ahmedabad,34500000.0
2700,4,4,5,0,Ahmedabad,26500000.0
2300,3,3,7,0,Ahmedabad,18500000.0
1850,3,3,10,0,Ahmedabad,15500000.0
2250,4,4,2,0,Ahmedabad,21500000.0
1850,3,3,9,0,Ahmedabad,14500000.0
1500,3,2,14,0,Ahmedabad,10500000.0
2100,4,4,15,0,Ahmedabad,17500000.0
1750,3,3,20,0,Ahmedabad,12000000.0
1700,3,3,28,0,Ahmedabad,13500000.0
1500,3,3,16,0,Ahmedabad,10500000.0
1850,3,3,12,0,Ahmedabad,13000000.0
1500,3,3,18,0,Ahmedabad,8500000.0
1300,2,2,12,0,Ahmedabad,5800000.0
1200,2,2,22,0,Ahmedabad,5500000.0
1250,3,2,10,0,Ahmedabad,5200000.0
1450,3,3,12,0,Ahmedabad,6800000.0
1200,2,2,9,0,Ahmedabad,4800000.0
1600,3,3,3,0,Ahmedabad,7200000.0
1500,3,3,3,0,Ahmedabad,6500000.0
1500,3,3,2,0,Ahmedabad,6500000.0
1500,3,3,3,0,Ahmedabad,7500000.0
2200,4,4,15,0,Kolkata,45000000.0
1150,2,2,4,0,Kolkata,7250000.0
1450,3,3,10,0,Kolkata,11500000.0
1050,2,2,20,0,Kolkata,6500000.0
3200,5,5,25,0,Kolkata,85000000.0
1800,3,3,40,0,Kolkata,32000000.0
1300,3,2,3,0,Kolkata,8500000.0
950,2,2,12,0,Kolkata,5800000.0
1100,2,2,22,0,Kolkata,6200000.0
1000,2,2,18,0,Kolkata,4500000.0
1200,3,2,15,0,Kolkata,6850000.0
1350,3,3,20,0,Kolkata,9500000.0
1100,2,2,12,0,Kolkata,5200000.0
1050,2,2,5,0,Kolkata,4800000.0
950,2,1,15,0,Kolkata,4250000.0
1600,3,3,35,0,Kolkata,16000000.0
1500,3,3,30,0,Kolkata,14500000.0
1700,3,3,25,0,Kolkata,18500000.0
1900,3,3,8,0,Kolkata,21000000.0
1250,2,2,5,0,Kolkata,7800000.0
1400,3,3,12,0,Kolkata,12500000.0
1600,3,3,30,0,Kolkata,19500000.0
2000,4,4,25,0,Kolkata,38000000.0
2400,4,4,15,0,Kolkata,55000000.0
1850,3,3,28,0,Kolkata,27500000.0
1550,3,3,6,0,Kolkata,17500000.0
1100,2,2,18,0,Kolkata,7200000.0
1250,3,2,25,0,Kolkata,8800000.0
1400,3,3,30,0,Kolkata,11000000.0
1000,2,2,12,0,Kolkata,4800000.0
1150,2,2,2,0,Kolkata,5500000.0
1050,2,2,8,0,Kolkata,4200000.0
1200,3,2,5,0,Kolkata,3800000.0
1250,2,2,6,0,Kolkata,6800000.0
1400,3,3,5,0,Kolkata,9800000.0
1600,3,3,3,0,Kolkata,11500000.0
1800,4,3,2,0,Kolkata,14500000.0
1100,2,2,15,0,Kolkata,3500000.0
1050,2,2,10,0,Kolkata,3200000.0
1200,3,2,12,0,Kolkata,3600000.0
1300,3,3,8,0,Kolkata,7500000.0
1400,3,2,50,0,Kolkata,11000000.0
1100,2,2,45,0,Kolkata,8500000.0
1250,2,2,20,0,Kolkata,9200000.0
1500,3,3,12,0,Kolkata,16500000.0
1650,3,3,15,0,Kolkata,19000000.0
1350,3,2,25,0,Kolkata,12000000.0
1200,2,2,60,0,Kolkata,9500000.0
900,2,1,70,0,Kolkata,11500000.0
1100,2,2,55,0,Kolkata,8800000.0
1200,3,2,65,0,Kolkata,10500000.0
1300,3,3,5,0,Kolkata,8200000.0
1450,3,3,7,0,Kolkata,9500000.0
1100,2,2,12,0,Kolkata,6200000.0
1000,2,2,10,0,Kolkata,5500000.0
1250,3,2,20,0,Kolkata,7800000.0
1100,2,2,25,0,Kolkata,5800000.0
1400,3,3,15,0,Kolkata,11000000.0
1150,2,2,6,0,Kolkata,5200000.0
1000,2,2,20,0,Kolkata,4500000.0
1100,2,2,18,0,Kolkata,4850000.0
1050,2,1,22,0,Kolkata,3500000.0
1300,3,2,25,0,Kolkata,4200000.0
1200,3,2,30,0,Kolkata,6500000.0
1400,3,3,15,0,Kolkata,8500000.0
1100,2,2,28,0,Kolkata,5200000.0
1150,2,2,20,0,Kolkata,4000000.0
1000,2,1,25,0,Kolkata,3200000.0
1050,2,2,18,0,Kolkata,3000000.0
1100,2,2,22,0,Kolkata,2850000.0
1250,3,2,30,0,Kolkata,3500000.0
1100,2,2,4,0,Kolkata,3800000.0
1300,3,2,5,0,Kolkata,4500000.0
1050,2,2,12,0,Kolkata,3600000.0
1200,3,2,2,0,Kolkata,5200000.0
950,2,1,20,0,Kolkata,3200000.0
1150,2,2,25,0,Kolkata,5500000.0
1400,3,3,15,0,Kolkata,9200000.0
1200,2,2,30,0,Kolkata,6800000.0
1800,3,3,20,0,Kolkata,22500000.0
1300,2,2,28,0,Kolkata,11000000.0
1250,2,2,40,0,Kolkata,14500000.0
1500,3,3,35,0,Kolkata,18500000.0
1700,3,3,30,0,Kolkata,24000000.0
1600,3,3,25,0,Kolkata,21000000.0
1050,2,2,20,0,Kolkata,5400000.0
1350,3,2,35,0,Kolkata,9800000.0
900,2,1,30,0,Kolkata,4200000.0
1100,2,2,25,0,Kolkata,6500000.0
1550,3,3,28,0,Kolkata,18500000.0
1800,3,3,30,0,Kolkata,22000000.0
1000,2,1,40,0,Kolkata,5800000.0
1150,2,2,22,0,Kolkata,6200000.0
1050,2,2,25,0,Kolkata,4800000.0
2500,4,4,20,0,Kolkata,58000000.0
2200,3,3,30,0,Kolkata,48000000.0
2100,3,3,35,0,Kolkata,45000000.0
2400,4,4,25,0,Kolkata,52000000.0
2300,4,4,28,0,Kolkata,49500000.0
2000,3,3,30,0,Kolkata,42000000.0
2150,3,3,32,0,Kolkata,44000000.0
2600,4,4,35,0,Kolkata,58000000.0
2200,3,3,25,0,Kolkata,49000000.0
1900,3,3,28,0,Kolkata,38000000.0
1800,3,3,30,0,Kolkata,36000000.0
2500,4,4,20,0,Kolkata,57000000.0
2700,4,4,18,0,Kolkata,61000000.0
3000,5,5,15,0,Kolkata,75000000.0
3500,5,5,12,0,Kolkata,95000000.0
3200,4,4,14,0,Kolkata,88000000.0
1450,3,2,25,0,Kolkata,14500000.0
1200,2,2,20,0,Kolkata,9500000.0
950,2,1,15,0,Kolkata,5500000.0
1050,2,2,18,0,Kolkata,6200000.0
1150,2,2,12,0,Kolkata,6800000.0
1300,3,3,10,0,Kolkata,9500000.0
1100,2,2,30,0,Kolkata,8800000.0
2400,4,4,40,0,Kolkata,41000000.0
1000,2,2,35,0,Kolkata,6500000.0
900,2,1,30,0,Kolkata,5500000.0
1150,3,2,25,0,Kolkata,4800000.0
1050,2,2,20,0,Kolkata,4200000.0
1350,3,3,22,0,Kolkata,8500000.0
1100,2,2,4,0,Kolkata,3800000.0
1000,2,1,6,0,Kolkata,3500000.0
950,2,2,18,0,Kolkata,4500000.0
1250,3,2,25,0,Kolkata,7800000.0
2100,4,4,15,0,Kolkata,31000000.0
1150,2,2,22,0,Kolkata,8200000.0
1600,3,3,30,0,Kolkata,19500000.0
1700,3,3,25,0,Kolkata,22500000.0
1300,3,2,28,0,Kolkata,10500000.0
950,2,1,35,0,Kolkata,4800000.0
1100,2,2,18,0,Kolkata,6200000.0
1200,3,2,20,0,Kolkata,7800000.0
1050,2,2,15,0,Kolkata,5800000.0
1350,3,3,12,0,Kolkata,11000000.0
1400,3,3,5,0,Kolkata,10500000.0
1100,2,2,4,0,Kolkata,6500000.0
1300,3,2,8,0,Kolkata,9500000.0
1000,2,2,25,0,Kolkata,5500000.0
1250,3,2,18,0,Kolkata,8800000.0
1450,3,3,30,0,Kolkata,12500000.0
1100,2,1,28,0,Kolkata,7200000.0
1200,2,2,30,0,Kolkata,8500000.0
1400,3,3,15,0,Kolkata,11500000.0
1300,3,2,22,0,Kolkata,10500000.0
1150,2,2,25,0,Kolkata,6800000.0
1250,3,2,28,0,Kolkata,8800000.0
1100,2,2,30,0,Kolkata,7500000.0
1000,2,1,35,0,Kolkata,5200000.0
1050,2,2,8,0,Kolkata,6500000.0
1200,3,2,12,0,Kolkata,8200000.0
1150,2,2,15,0,Kolkata,6200000.0
1000,2,1,20,0,Kolkata,4500000.0
1450,3,3,2,0,Kolkata,7200000.0
1100,2,2,3,0,Kolkata,4800000.0
1300,3,2,6,0,Kolkata,6500000.0
1200,3,2,25,0,Kolkata,6800000.0
1150,2,2,28,0,Kolkata,5800000.0
1500,3,3,15,0,Kolkata,11000000.0
1100,2,2,22,0,Kolkata,6200000.0
1300,3,2,30,0,Kolkata,8500000.0
950,2,2,35,0,Kolkata,5500000.0
3800,6,6,20,0,Kolkata,120000000.0
2200,4,4,12,0,Kolkata,38000000.0
2600,4,4,40,0,Kolkata,48000000.0
2800,4,4,25,0,Kolkata,75000000.0
1800,3,3,35,0,Kolkata,32000000.0
1650,3,3,30,0,Kolkata,22500000.0
1500,3,3,40,0,Kolkata,19500000.0
1400,3,2,45,0,Kolkata,18500000.0
2500,4,4,10,0,Kolkata,65000000.0
2200,3,3,15,0,Kolkata,55000000.0
2000,3,3,30,0,Kolkata,48000000.0
1850,3,3,35,0,Kolkata,32000000.0
1950,3,3,28,0,Kolkata,39500000.0
1700,3,2,40,0,Kolkata,35000000.0
2400,4,4,35,0,Kolkata,58000000.0
2100,3,3,30,0,Kolkata,52000000.0
1800,3,3,40,0,Kolkata,41000000.0
2200,4,4,45,0,Kolkata,55000000.0
1400,2,2,50,0,Kolkata,21000000.0
1500,3,2,40,0,Kolkata,24500000.0
1300,2,2,60,0,Kolkata,18500000.0
1200,2,1,65,0,Kolkata,22500000.0
900,2,1,70,0,Kolkata,14500000.0
1100,2,2,60,0,Kolkata,11500000.0
950,2,1,75,0,Kolkata,13500000.0
1050,2,1,70,0,Kolkata,12500000.0
1200,3,2,65,0,Kolkata,14500000.0
1350,3,2,55,0,Kolkata,12000000.0
1150,2,2,50,0,Kolkata,9500000.0
1000,2,1,60,0,Kolkata,8800000.0
1250,2,2,55,0,Kolkata,11000000.0
1400,3,2,65,0,Kolkata,13500000.0
1600,3,3,50,0,Kolkata,24500000.0
1500,3,2,55,0,Kolkata,21000000.0
1300,3,2,45,0,Kolkata,11500000.0
1700,3,3,20,0,Kolkata,19500000.0
1600,3,3,15,0,Kolkata,18500000.0
1200,2,2,25,0,Kolkata,10500000.0
1450,3,3,10,0,Kolkata,9800000.0
1100,2,2,20,0,Kolkata,5200000.0
1250,2,2,8,0,Kolkata,6500000.0
1350,3,2,25,0,Kolkata,8800000.0
1050,2,2,30,0,Kolkata,4800000.0
1150,2,2,22,0,Kolkata,5500000.0
1400,3,3,30,0,Kolkata,12500000.0
1500,3,3,25,0,Kolkata,14500000.0
1800,3,3,35,0,Kolkata,17500000.0
1700,3,3,40,0,Kolkata,16500000.0
1900,4,3,30,0,Kolkata,21000000.0
1550,3,3,10,0,Kolkata,13500000.0
1350,3,2,8,0,Kolkata,9500000.0
1650,3,3,5,0,Kolkata,14500000.0
2000,4,4,2,0,Kolkata,21000000.0
1200,2,2,12,0,Kolkata,6800000.0
1150,2,2,10,0,Kolkata,7200000.0
1300,3,2,5,0,Kolkata,4500000.0
1100,2,2,6,0,Kolkata,3800000.0
1200,3,2,4,0,Kolkata,4200000.0
950,2,2,15,0,Kolkata,4500000.0
1050,2,2,12,0,Kolkata,5200000.0
1000,2,1,18,0,Kolkata,4200000.0
1450,3,3,25,0,Kolkata,11500000.0
1300,3,2,30,0,Kolkata,9800000.0
1100,2,2,35,0,Kolkata,5500000.0
900,2,1,40,0,Kolkata,4200000.0
1050,2,2,45,0,Kolkata,6200000.0
1200,3,2,30,0,Kolkata,8500000.0
1400,3,3,25,0,Kolkata,9200000.0
1100,2,2,28,0,Kolkata,5800000.0
1250,2,2,10,0,Kolkata,6500000.0
1300,3,2,15,0,Kolkata,7500000.0
1150,2,2,20,0,Kolkata,5500000.0
1000,2,1,30,0,Kolkata,4200000.0
1100,2,2,25,0,Kolkata,3800000.0
1050,2,2,22,0,Kolkata,3200000.0
1200,3,2,20,0,Kolkata,4500000.0
1150,2,2,25,0,Kolkata,3500000.0
1000,2,1,30,0,Kolkata,2800000.0
1400,3,3,15,0,Kolkata,5500000.0
1100,2,2,12,0,Kolkata,4200000.0
1300,3,2,10,0,Kolkata,3800000.0
1200,3,2,12,0,Kolkata,3500000.0
1050,2,2,15,0,Kolkata,2800000.0
1150,2,2,18,0,Kolkata,4800000.0
1000,2,1,20,0,Kolkata,4200000.0
1350,3,3,8,0,Kolkata,7500000.0
1100,2,2,12,0,Kolkata,5200000.0
1500,3,3,6,0,Kolkata,12500000.0
1700,3,3,4,0,Kolkata,18500000.0
1400,3,2,10,0,Kolkata,14500000.0
1600,3,3,5,0,Kolkata,19500000.0
2200,4,4,8,0,Kolkata,38000000.0
2500,4,4,10,0,Kolkata,48000000.0
1800,3,3,12,0,Kolkata,22500000.0
1450,3,3,15,0,Kolkata,15500000.0
1350,3,2,20,0,Kolkata,13500000.0
1550,3,3,15,0,Kolkata,19500000.0
1700,3,3,25,0,Kolkata,28500000.0
1500,3,3,30,0,Kolkata,22500000.0
1400,3,2,35,0,Kolkata,16500000.0
1100,2,2,40,0,Kolkata,9500000.0
1200,2,2,30,0,Kolkata,11000000.0
1000,2,1,50,0,Kolkata,14500000.0
1300,3,2,60,0,Kolkata,16500000.0
1150,2,2,70,0,Kolkata,13500000.0
1000,2,1,80,0,Kolkata,18500000.0
1500,3,2,85,0,Kolkata,35000000.0
1400,2,2,75,0,Kolkata,28500000.0
1600,3,3,90,0,Kolkata,45000000.0
1100,2,1,100,0,Kolkata,19500000.0
1500,3,3,20,0,Kolkata,9500000.0
1300,3,2,25,0,Kolkata,8500000.0
1150,2,2,30,0,Kolkata,6500000.0
1200,2,2,15,0,Kolkata,5500000.0
1100,2,2,20,0,Kolkata,4800000.0
1050,2,1,25,0,Kolkata,4200000.0
1000,2,2,30,0,Kolkata,3500000.0
1100,2,2,22,0,Kolkata,3200000.0
1150,3,2,28,0,Kolkata,3800000.0
1250,3,3,35,0,Kolkata,4500000.0
1100,2,2,40,0,Kolkata,3200000.0
1050,2,1,45,0,Kolkata,2800000.0
1100,2,2,30,0,Kolkata,2500000.0
1300,3,2,25,0,Kolkata,5200000.0
1200,3,2,30,0,Kolkata,4200000.0
1150,2,2,22,0,Kolkata,3500000.0
1000,2,1,20,0,Kolkata,3200000.0
1100,2,2,12,0,Kolkata,3800000.0
1250,3,2,15,0,Kolkata,4500000.0
1350,3,3,10,0,Kolkata,7500000.0
1400,3,3,15,0,Kolkata,9500000.0
1100,2,2,20,0,Kolkata,5800000.0
1050,2,2,25,0,Kolkata,5200000.0
1300,3,2,30,0,Kolkata,9200000.0
1200,2,2,25,0,Kolkata,7500000.0
1150,2,2,15,0,Kolkata,6200000.0
1400,3,3,8,0,Kolkata,5500000.0
1250,3,2,5,0,Kolkata,4800000.0
1600,3,3,3,0,Kolkata,7500000.0
1100,2,2,40,0,Kolkata,6500000.0
1000,2,1,35,0,Kolkata,5800000.0
1200,3,2,45,0,Kolkata,8200000.0
1150,2,2,50,0,Kolkata,7500000.0
1100,2,2,30,0,Kolkata,7200000.0
3500,5,5,20,0,Kolkata,110000000.0
3000,4,4,25,0,Kolkata,95000000.0
3200,4,5,15,0,Kolkata,105000000.0
2400,4,4,10,0,Kolkata,55000000.0
1800,3,3,20,0,Kolkata,24500000.0
1600,3,3,15,0,Kolkata,18500000.0
1900,3,3,35,0,Kolkata,32000000.0
1750,3,3,30,0,Kolkata,29500000.0
1500,3,2,40,0,Kolkata,22500000.0
2100,4,4,25,0,Kolkata,45000000.0
2800,4,4,12,0,Kolkata,85000000.0
1850,3,3,28,0,Kolkata,34000000.0
1700,3,3,35,0,Kolkata,31000000.0
1600,3,3,40,0,Kolkata,28500000.0
1450,3,2,30,0,Kolkata,22500000.0
1350,2,2,35,0,Kolkata,16500000.0
1550,3,3,25,0,Kolkata,21000000.0
1250,2,2,30,0,Kolkata,15500000.0
1150,2,2,35,0,Kolkata,14500000.0
2200,4,4,20,0,Kolkata,48000000.0
2600,4,4,15,0,Kolkata,62000000.0
1400,3,2,30,0,Kolkata,17500000.0
1600,3,3,25,0,Kolkata,22500000.0
2500,4,4,20,0,Kolkata,58000000.0
1300,2,2,35,0,Kolkata,16500000.0
1100,2,1,40,0,Kolkata,8500000.0
1050,2,2,25,0,Kolkata,6500000.0
1200,3,2,20,0,Kolkata,9200000.0
1400,3,3,30,0,Kolkata,13500000.0
1100,2,1,40,0,Kolkata,9500000.0
1250,2,2,35,0,Kolkata,11500000.0
1150,2,2,40,0,Kolkata,10500000.0
1000,2,1,45,0,Kolkata,9200000.0
1300,3,2,35,0,Kolkata,12500000.0
1200,2,2,30,0,Kolkata,14500000.0
1500,3,3,40,0,Kolkata,21000000.0
1800,3,3,35,0,Kolkata,31000000.0
1400,3,2,38,0,Kolkata,19500000.0
1600,3,3,30,0,Kolkata,24500000.0
2200,4,4,25,0,Kolkata,48000000.0
1350,2,2,40,0,Kolkata,16500000.0
1450,3,2,45,0,Kolkata,18500000.0
1550,3,3,35,0,Kolkata,21000000.0
1700,3,3,30,0,Kolkata,26500000.0
1650,3,3,28,0,Kolkata,24500000.0
2400,4,4,20,0,Kolkata,55000000.0
1800,3,3,35,0,Kolkata,32000000.0
1400,3,2,40,0,Kolkata,19500000.0
1300,2,2,45,0,Kolkata,16500000.0
1150,2,1,50,0,Kolkata,12500000.0
1250,2,2,40,0,Kolkata,14500000.0
1600,3,3,30,0,Kolkata,21000000.0
1400,3,2,35,0,Kolkata,18500000.0
1500,3,3,40,0,Kolkata,24500000.0
1300,2,2,35,0,Kolkata,14500000.0
1450,3,2,30,0,Kolkata,16500000.0
1600,3,3,10,0,Kolkata,17500000.0
1800,3,3,30,0,Kolkata,22500000.0
1200,2,2,25,0,Kolkata,9500000.0
1400,3,2,35,0,Kolkata,11500000.0
1500,3,3,30,0,Kolkata,13500000.0
1100,2,2,40,0,Kolkata,6500000.0
1000,2,1,35,0,Kolkata,5500000.0
1200,3,2,25,0,Kolkata,8200000.0
1150,2,2,20,0,Kolkata,7200000.0
1350,3,3,15,0,Kolkata,9800000.0
1450,3,3,12,0,Kolkata,11000000.0
1100,2,2,10,0,Kolkata,5500000.0
1050,2,2,8,0,Kolkata,4500000.0
1250,3,2,5,0,Kolkata,6200000.0
1150,2,2,20,0,Kolkata,4800000.0
1300,3,2,15,0,Kolkata,4200000.0
1200,3,2,6,0,Kolkata,5800000.0
1100,2,2,18,0,Kolkata,5200000.0
1050,2,1,22,0,Kolkata,4500000.0
1250,3,2,5,0,Kolkata,8800000.0
1100,2,2,8,0,Kolkata,7500000.0
1300,3,3,12,0,Kolkata,9500000.0
1400,3,3,4,0,Kolkata,11500000.0
1200,2,2,3,0,Kolkata,8200000.0
1500,3,3,2,0,Kolkata,13500000.0
1350,3,2,20,0,Kolkata,11000000.0
1450,3,3,15,0,Kolkata,12500000.0
1600,3,3,25,0,Kolkata,14500000.0
1300,2,2,10,0,Kolkata,8800000.0
1250,2,2,12,0,Kolkata,9500000.0
1100,2,1,30,0,Kolkata,6800000.0
1200,3,2,25,0,Kolkata,8500000.0
1500,3,3,15,0,Kolkata,15500000.0
1400,3,3,10,0,Kolkata,13500000.0
1600,4,3,12,0,Kolkata,19500000.0
1350,3,2,5,0,Kolkata,11500000.0
1450,3,3,8,0,Kolkata,14500000.0
1550,3,3,30,0,Kolkata,16500000.0
1700,4,3,25,0,Kolkata,18500000.0
1150,2,2,40,0,Kolkata,7200000.0
1050,2,1,35,0,Kolkata,6200000.0
1100,2,2,45,0,Kolkata,5800000.0
1250,3,2,30,0,Kolkata,8200000.0
1300,3,2,25,0,Kolkata,9500000.0
1200,3,2,35,0,Kolkata,7500000.0
1100,2,2,40,0,Kolkata,6500000.0
1400,3,3,8,0,Kolkata,12500000.0
1600,3,3,5,0,Kolkata,16500000.0
1800,3,3,12,0,Kolkata,28500000.0
2500,4,4,2,0,Kolkata,55000000.0
1650,3,3,5,0,Kolkata,18500000.0
1100,2,2,6,0,Kolkata,6500000.0
1550,3,3,8,0,Kolkata,14500000.0
1450,3,3,10,0,Kolkata,11500000.0
1350,3,2,4,0,Kolkata,10500000.0
1250,2,2,5,0,Kolkata,8800000.0
1600,3,3,2,0,Kolkata,19500000.0
1400,3,2,12,0,Kolkata,11000000.0
1700,3,3,10,0,Kolkata,13500000.0
2100,4,4,5,0,Kolkata,22500000.0
1800,3,3,30,0,Kolkata,19500000.0
2200,4,4,35,0,Kolkata,28500000.0
2000,3,3,40,0,Kolkata,24500000.0
1600,3,3,30,0,Kolkata,18500000.0
1500,3,2,45,0,Kolkata,16500000.0
1700,3,3,30,0,Kolkata,19500000.0
1900,4,3,25,0,Kolkata,22500000.0
2400,4,4,35,0,Kolkata,31000000.0
1550,3,3,40,0,Kolkata,17500000.0
1450,3,2,30,0,Kolkata,12500000.0
1350,3,2,35,0,Kolkata,11500000.0
1100,2,2,25,0,Kolkata,7500000.0
1200,2,2,30,0,Kolkata,8800000.0
1150,2,2,20,0,Kolkata,9500000.0
1050,2,2,25,0,Kolkata,5200000.0
1200,3,2,18,0,Kolkata,7800000.0
1100,2,2,30,0,Kolkata,6500000.0
1300,3,3,5,0,Kolkata,9200000.0
1500,3,3,10,0,Kolkata,11500000.0
1400,3,2,40,0,Kolkata,8500000.0
1100,2,2,45,0,Kolkata,7200000.0
1250,3,2,60,0,Kolkata,9500000.0
1000,2,1,70,0,Kolkata,11500000.0
900,2,1,80,0,Kolkata,10500000.0
1150,2,2,55,0,Kolkata,12500000.0
1100,2,2,75,0,Kolkata,9800000.0
1200,3,2,80,0,Kolkata,14500000.0
1300,3,3,70,0,Kolkata,18500000.0
1050,2,2,85,0,Kolkata,13500000.0
950,2,1,90,0,Kolkata,16500000.0
1100,2,1,85,0,Kolkata,14500000.0
1150,2,2,80,0,Kolkata,15500000.0
1350,3,3,65,0,Kolkata,19500000.0
1200,3,2,60,0,Kolkata,16500000.0
1400,3,3,55,0,Kolkata,22500000.0
1500,3,2,50,0,Kolkata,26500000.0
1000,2,1,60,0,Kolkata,18500000.0
1300,2,2,50,0,Kolkata,31000000.0
1400,3,2,55,0,Kolkata,35000000.0
1100,2,2,60,0,Kolkata,28500000.0
1600,3,3,100,0,Kolkata,55000000.0
1800,3,3,110,0,Kolkata,68000000.0
1700,3,2,105,0,Kolkata,62000000.0
1500,2,2,95,0,Kolkata,45000000.0
1400,2,1,85,0,Kolkata,38000000.0
1250,2,2,80,0,Kolkata,31000000.0
1350,2,1,90,0,Kolkata,34000000.0
1450,2,2,100,0,Kolkata,39500000.0
1550,3,2,95,0,Kolkata,48000000.0
1650,3,3,85,0,Kolkata,52000000.0
1400,3,2,80,0,Kolkata,41000000.0
1300,2,2,85,0,Kolkata,35000000.0
1200,2,1,75,0,Kolkata,29500000.0
1100,2,1,70,0,Kolkata,26500000.0
1700,3,3,105,0,Kolkata,65000000.0
1500,3,2,100,0,Kolkata,55000000.0
1450,2,2,95,0,Kolkata,48000000.0
1200,2,1,110,0,Kolkata,32000000.0
1800,3,3,5,0,Kolkata,38500000.0
1600,2,2,50,0,Kolkata,42000000.0
2200,3,3,30,0,Kolkata,68000000.0
3000,4,4,40,0,Kolkata,125000000.0
2800,4,3,50,0,Kolkata,95000000.0
3500,5,5,30,0,Kolkata,150000000.0
1900,3,3,40,0,Kolkata,48000000.0
1400,3,2,50,0,Kolkata,16500000.0
2500,4,4,25,0,Kolkata,65000000.0
2200,3,3,30,0,Kolkata,85000000.0
2400,4,4,35,0,Kolkata,95000000.0
2100,3,3,40,0,Kolkata,75000000.0
2800,4,4,30,0,Kolkata,110000000.0
2000,3,3,35,0,Kolkata,82000000.0
1900,3,2,40,0,Kolkata,71000000.0
2300,4,4,30,0,Kolkata,92000000.0
2600,4,4,25,0,Kolkata,105000000.0
2100,3,3,30,0,Kolkata,85000000.0
1800,3,3,35,0,Kolkata,65000000.0
2200,4,4,40,0,Kolkata,78000000.0
1600,3,2,50,0,Kolkata,38000000.0
1900,3,3,40,0,Kolkata,45000000.0
1400,3,2,35,0,Kolkata,32000000.0
1500,2,2,30,0,Kolkata,35000000.0
1450,3,2,45,0,Kolkata,28500000.0
1650,3,3,40,0,Kolkata,38000000.0
1750,3,3,35,0,Kolkata,42000000.0
1300,2,2,30,0,Kolkata,28500000.0
2500,4,4,25,0,Kolkata,85000000.0
2100,3,3,30,0,Kolkata,68000000.0
1500,3,2,25,0,Kolkata,24500000.0
1400,3,2,30,0,Kolkata,21000000.0
1600,3,3,35,0,Kolkata,26500000.0
1500,3,2,40,0,Kolkata,24500000.0
1800,3,3,35,0,Kolkata,38500000.0
2200,4,4,30,0,Kolkata,52000000.0
2000,3,3,35,0,Kolkata,45000000.0
1700,3,3,40,0,Kolkata,32000000.0
1600,3,2,45,0,Kolkata,28500000.0
1800,3,3,40,0,Kolkata,35000000.0
2400,4,4,25,0,Kolkata,68000000.0
2100,3,3,30,0,Kolkata,55000000.0
2000,3,3,35,0,Kolkata,48000000.0
3000,5,5,20,0,Kolkata,110000000.0
1900,3,3,30,0,Kolkata,42000000.0
1700,3,2,35,0,Kolkata,31000000.0
1500,3,2,30,0,Kolkata,22500000.0
1350,2,2,25,0,Kolkata,16500000.0
1400,3,2,30,0,Kolkata,18500000.0
1700,3,3,35,0,Kolkata,24500000.0
1300,2,2,30,0,Kolkata,12500000.0
1500,3,3,25,0,Kolkata,14500000.0
1200,2,2,30,0,Kolkata,9500000.0
1100,2,1,35,0,Kolkata,7500000.0
1450,3,3,20,0,Kolkata,12500000.0
1300,3,2,15,0,Kolkata,10500000.0
1400,3,3,18,0,Kolkata,11500000.0
1350,2,2,25,0,Kolkata,11000000.0
1700,3,3,5,0,Kolkata,24500000.0
1900,4,3,8,0,Kolkata,38000000.0
1500,3,2,20,0,Kolkata,16500000.0
1400,3,2,30,0,Kolkata,12500000.0
1200,2,2,35,0,Kolkata,9500000.0
1100,2,1,40,0,Kolkata,7500000.0
1150,2,2,45,0,Kolkata,8500000.0
1400,3,3,12,0,Kolkata,11500000.0
1200,2,2,25,0,Kolkata,9200000.0
1300,3,2,20,0,Kolkata,10500000.0
1250,2,2,15,0,Kolkata,9500000.0
1800,3,3,10,0,Kolkata,21000000.0
1600,3,3,8,0,Kolkata,18500000.0
1400,3,2,5,0,Kolkata,9200000.0
1300,3,2,4,0,Kolkata,7800000.0
1500,4,3,6,0,Kolkata,5500000.0
1700,3,3,10,0,Kolkata,16500000.0
1450,3,3,12,0,Kolkata,11500000.0
1200,2,2,15,0,Kolkata,8500000.0
1650,3,3,25,0,Kolkata,24500000.0
1400,3,2,20,0,Kolkata,18500000.0
1550,3,3,30,0,Kolkata,22500000.0
1450,3,2,35,0,Kolkata,17500000.0
1350,2,2,30,0,Kolkata,14500000.0
1250,2,2,25,0,Kolkata,12500000.0
1400,3,2,20,0,Kolkata,13500000.0
1600,3,3,10,0,Kolkata,16500000.0
1500,3,3,8,0,Kolkata,14500000.0
1400,3,2,20,0,Kolkata,12500000.0
1300,3,2,25,0,Kolkata,11000000.0
1200,2,2,15,0,Kolkata,8500000.0
1350,3,2,5,0,Kolkata,7500000.0
1500,3,3,10,0,Kolkata,9500000.0
1250,3,2,15,0,Kolkata,6500000.0
1400,3,3,20,0,Kolkata,5500000.0
1300,3,2,25,0,Kolkata,5200000.0
1200,2,2,20,0,Kolkata,5800000.0
1450,3,3,12,0,Kolkata,11500000.0
1150,2,2,30,0,Kolkata,6800000.0
1250,3,2,25,0,Kolkata,8800000.0
1100,2,2,40,0,Kolkata,7500000.0
1400,3,3,30,0,Kolkata,16500000.0
1600,3,3,10,0,Kolkata,21000000.0
1700,3,3,8,0,Kolkata,24500000.0
1600,4,3,20,0,Kolkata,18500000.0
1500,3,3,15,0,Kolkata,19500000.0
1350,3,2,20,0,Kolkata,12500000.0
1450,3,3,25,0,Kolkata,11500000.0
1650,3,3,12,0,Kolkata,18500000.0
1400,3,3,15,0,Kolkata,12500000.0
1300,3,2,20,0,Kolkata,11000000.0
1250,2,2,10,0,Kolkata,9500000.0
1350,3,2,8,0,Kolkata,11500000.0
1550,3,3,5,0,Kolkata,15500000.0
1650,3,3,4,0,Kolkata,17500000.0
1800,4,3,3,0,Kolkata,19500000.0
1900,4,4,2,0,Kolkata,22500000.0
2200,4,4,1,0,Kolkata,28500000.0
2400,4,4,1,0,Kolkata,32000000.0
1300,3,2,12,0,Kolkata,8500000.0
1200,2,2,15,0,Kolkata,6500000.0
1150,2,2,20,0,Kolkata,8200000.0
1250,3,2,15,0,Kolkata,8800000.0
1450,3,3,25,0,Kolkata,11500000.0
1550,3,3,20,0,Kolkata,14500000.0
1700,3,3,15,0,Kolkata,18500000.0
2000,4,3,10,0,Kolkata,28500000.0
1600,3,3,20,0,Kolkata,15500000.0
1800,4,3,5,0,Kolkata,22500000.0
1700,3,3,4,0,Kolkata,19500000.0
1650,3,3,6,0,Kolkata,18500000.0
1500,3,2,15,0,Kolkata,16500000.0
1600,3,3,20,0,Kolkata,19500000.0
1400,3,2,30,0,Kolkata,14500000.0
1300,2,2,40,0,Kolkata,11500000.0
1450,3,2,50,0,Kolkata,14500000.0
1200,2,2,45,0,Kolkata,9800000.0
1100,2,1,60,0,Kolkata,16500000.0
1250,3,2,55,0,Kolkata,14500000.0
1350,3,3,50,0,Kolkata,18500000.0
1150,2,2,40,0,Kolkata,12500000.0
1600,3,3,30,0,Kolkata,24500000.0
1500,3,2,35,0,Kolkata,21000000.0
1700,3,3,25,0,Kolkata,28500000.0
1800,3,3,20,0,Kolkata,35000000.0
1600,3,2,25,0,Kolkata,26500000.0
1900,4,3,8,0,Kolkata,32000000.0
1500,3,3,10,0,Kolkata,14500000.0
1400,3,2,15,0,Kolkata,12500000.0
1300,3,2,20,0,Kolkata,10500000.0
1250,2,2,15,0,Kolkata,9500000.0
1350,3,2,8,0,Kolkata,8200000.0
1200,2,2,12,0,Kolkata,6500000.0
1150,2,1,15,0,Kolkata,4800000.0
1100,2,1,18,0,Kolkata,4500000.0
2800,4,4,2,0,Jaipur,36000000.0
1850,3,3,12,0,Jaipur,24550000.0
3200,4,4,10,0,Jaipur,38000000.0
1500,2,2,22,0,Jaipur,16500000.0
1200,2,2,15,0,Jaipur,8500000.0
2200,4,4,4,0,Jaipur,21000000.0
1650,3,3,1,0,Jaipur,11500000.0
2400,4,4,5,0,Jaipur,18500000.0
1100,2,2,18,0,Jaipur,6200000.0
1950,3,3,8,0,Jaipur,12500000.0
1450,3,3,3,0,Jaipur,8850000.0
950,2,2,6,0,Jaipur,5200000.0
2100,3,3,25,0,Jaipur,18000000.0
1750,3,3,20,0,Jaipur,13500000.0
2600,4,4,12,0,Jaipur,21500000.0
1300,2,2,2,0,Jaipur,6500000.0
1800,3,3,4,0,Jaipur,9850000.0
2050,4,4,7,0,Jaipur,14500000.0
1600,3,2,3,0,Jaipur,11000000.0
1550,3,3,10,0,Jaipur,11200000.0
2300,4,4,12,0,Jaipur,22000000.0
1400,3,3,9,0,Jaipur,9800000.0
1150,2,2,8,0,Jaipur,5500000.0
1250,3,2,15,0,Jaipur,6200000.0
1700,3,3,11,0,Jaipur,12500000.0
2400,4,4,24,0,Jaipur,28500000.0
1900,3,3,18,0,Jaipur,17500000.0
1500,3,3,2,0,Jaipur,9200000.0
1350,3,2,4,0,Jaipur,7250000.0
1000,2,2,6,0,Jaipur,3800000.0
1100,2,1,14,0,Jaipur,4500000.0
1420,3,3,5,0,Jaipur,8200000.0
2000,4,4,10,0,Jaipur,16500000.0
2150,4,4,15,0,Jaipur,19500000.0
1200,2,2,20,0,Jaipur,5800000.0
1550,3,3,12,0,Jaipur,11800000.0
2500,4,4,21,0,Jaipur,29500000.0
1400,3,2,15,0,Jaipur,8800000.0
1350,2,2,25,0,Jaipur,9500000.0
1600,3,3,2,0,Jaipur,9200000.0
1100,2,2,10,0,Jaipur,4800000.0
1450,3,3,7,0,Jaipur,7850000.0
1700,3,3,3,0,Jaipur,11000000.0
1300,2,2,5,0,Jaipur,5800000.0
1650,3,3,8,0,Jaipur,12500000.0
1150,2,2,7,0,Jaipur,4200000.0
2200,4,4,20,0,Jaipur,24000000.0
1300,2,2,28,0,Jaipur,8500000.0
1800,3,3,12,0,Jaipur,15500000.0
2300,4,4,5,0,Jaipur,15500000.0
2950,4,5,1,0,Jaipur,41000000.0
3500,5,6,5,0,Jaipur,49000000.0
1200,2,2,22,0,Jaipur,11000000.0
1500,3,2,12,0,Jaipur,8800000.0
1400,3,3,9,0,Jaipur,11500000.0
2100,3,3,4,0,Jaipur,16500000.0
2000,3,3,15,0,Jaipur,16000000.0
1600,3,3,3,0,Jaipur,8200000.0
1800,3,3,6,0,Jaipur,13500000.0
1250,2,2,5,0,Jaipur,6800000.0
1800,3,2,30,0,Jaipur,16500000.0
1900,3,3,10,0,Jaipur,14500000.0
1600,3,3,12,0,Jaipur,14800000.0
1350,3,3,7,0,Jaipur,7200000.0
1050,2,2,18,0,Jaipur,4800000.0
1550,3,2,10,0,Jaipur,10500000.0
2100,3,3,20,0,Jaipur,24500000.0
1100,2,2,30,0,Jaipur,7500000.0
1800,3,3,8,0,Jaipur,12800000.0
1200,2,2,4,0,Jaipur,6200000.0
1500,3,3,5,0,Jaipur,8200000.0
950,2,1,8,0,Jaipur,3500000.0
2200,4,4,12,0,Jaipur,18500000.0
1400,3,3,10,0,Jaipur,11200000.0
1900,3,3,22,0,Jaipur,22500000.0
1000,2,2,15,0,Jaipur,4500000.0
1100,2,2,2,0,Jaipur,4800000.0
1300,2,2,12,0,Jaipur,6500000.0
1400,3,2,9,0,Jaipur,6200000.0
1350,2,2,3,0,Jaipur,7200000.0
1800,3,3,18,0,Jaipur,14500000.0
1200,2,2,25,0,Jaipur,8200000.0
1100,2,1,28,0,Jaipur,7200000.0
1600,3,3,22,0,Jaipur,18000000.0
1450,3,2,5,0,Jaipur,8800000.0
1400,2,2,10,0,Jaipur,9500000.0
2100,3,3,10,0,Jaipur,28500000.0
2800,4,4,15,0,Jaipur,31000000.0
1100,2,2,20,0,Jaipur,7800000.0
1800,3,3,10,0,Jaipur,11000000.0
1700,3,3,2,0,Jaipur,10500000.0
1450,2,2,4,0,Jaipur,7500000.0
2400,4,4,5,0,Jaipur,18500000.0
3200,5,5,2,0,Jaipur,32000000.0
1500,2,2,18,0,Jaipur,11500000.0
2400,4,3,28,0,Jaipur,21000000.0
1350,2,2,15,0,Jaipur,10500000.0
2800,5,5,8,0,Jaipur,26500000.0
1550,3,3,12,0,Jaipur,11000000.0
900,2,2,10,0,Jaipur,4800000.0
1450,3,3,20,0,Jaipur,7800000.0
1950,4,4,8,0,Jaipur,15500000.0
1800,3,3,25,0,Jaipur,19500000.0
2500,4,4,15,0,Jaipur,26000000.0
1650,3,3,4,0,Jaipur,11500000.0
1200,2,2,6,0,Jaipur,5800000.0
1150,3,2,10,0,Jaipur,4500000.0
1300,3,2,15,0,Jaipur,6200000.0
1550,3,3,3,0,Jaipur,9200000.0
1750,3,3,12,0,Jaipur,14500000.0
1600,3,3,20,0,Jaipur,13500000.0
1450,3,2,18,0,Jaipur,7200000.0
1900,3,3,6,0,Jaipur,16500000.0
3000,5,5,18,0,Jaipur,35000000.0
1650,3,3,22,0,Jaipur,11500000.0
1250,2,2,30,0,Jaipur,8500000.0
1950,4,4,2,0,Jaipur,13500000.0
1050,2,1,12,0,Jaipur,4200000.0
1700,3,3,8,0,Jaipur,9800000.0
1900,4,4,3,0,Jaipur,14500000.0
1550,3,3,4,0,Jaipur,8200000.0
1200,2,2,9,0,Jaipur,8200000.0
1400,3,2,8,0,Jaipur,6500000.0
2500,4,4,15,0,Jaipur,29500000.0
1450,3,2,25,0,Jaipur,11000000.0
1600,2,2,15,0,Jaipur,18500000.0
2100,3,3,20,0,Jaipur,22500000.0
2500,4,4,10,0,Jaipur,28500000.0
1350,2,2,14,0,Jaipur,7500000.0
1600,3,3,4,0,Jaipur,9500000.0
1150,2,2,6,0,Jaipur,5500000.0
1400,2,2,9,0,Jaipur,9500000.0
1900,3,3,8,0,Jaipur,14500000.0
1850,3,3,22,0,Jaipur,15500000.0
1350,2,2,30,0,Jaipur,11000000.0
2200,4,4,11,0,Jaipur,18500000.0
2450,4,4,10,0,Jaipur,21000000.0
1700,3,3,14,0,Jaipur,13500000.0
1000,2,2,12,0,Jaipur,5200000.0
1500,3,2,18,0,Jaipur,7500000.0
1350,2,2,12,0,Jaipur,9500000.0
2800,5,5,28,0,Jaipur,34000000.0
1600,2,2,25,0,Jaipur,15500000.0
1800,3,3,3,0,Jaipur,12500000.0
1100,2,1,8,0,Jaipur,4800000.0
1400,3,3,5,0,Jaipur,6200000.0
1200,2,2,18,0,Jaipur,5200000.0
1700,3,3,2,0,Jaipur,10500000.0
1450,2,2,15,0,Jaipur,11500000.0
1950,3,3,12,0,Jaipur,15500000.0
1150,2,2,14,0,Jaipur,4800000.0
1750,3,3,11,0,Jaipur,14200000.0
2200,3,3,24,0,Jaipur,24500000.0
1300,2,2,18,0,Jaipur,8800000.0
1600,3,3,22,0,Jaipur,12500000.0
1200,2,2,5,0,Jaipur,6500000.0
1500,3,3,6,0,Jaipur,6800000.0
1200,2,2,12,0,Jaipur,5800000.0
2100,4,4,1,0,Jaipur,16500000.0
1800,3,3,3,0,Jaipur,9500000.0
1500,3,2,5,0,Jaipur,11500000.0
1000,2,1,10,0,Jaipur,3800000.0
1900,3,3,25,0,Jaipur,21000000.0
1250,2,2,30,0,Jaipur,9200000.0
3800,6,7,8,0,Jaipur,65000000.0
4000,6,6,15,0,Jaipur,72000000.0
3000,5,5,10,0,Jaipur,32000000.0
2500,4,4,12,0,Jaipur,18500000.0
2100,4,4,3,0,Jaipur,13500000.0
2200,4,4,5,0,Jaipur,14500000.0
2800,5,5,2,0,Jaipur,21000000.0
3500,6,6,1,0,Jaipur,38000000.0
3000,4,4,12,0,Jaipur,28000000.0
2800,4,4,20,0,Jaipur,24500000.0
2600,4,4,15,0,Jaipur,21000000.0
3200,5,5,10,0,Jaipur,29500000.0
2400,4,4,12,0,Jaipur,18500000.0
1800,3,3,5,0,Jaipur,9800000.0
2000,4,4,12,0,Jaipur,11000000.0
2200,4,4,6,0,Jaipur,16500000.0
3200,5,5,18,0,Jaipur,42000000.0
3000,5,5,20,0,Jaipur,35000000.0
2100,4,4,4,0,Jaipur,14500000.0
1900,3,3,5,0,Jaipur,10500000.0
1800,4,3,6,0,Jaipur,8500000.0
1600,3,3,10,0,Jaipur,8200000.0
2100,4,4,3,0,Jaipur,13500000.0
2400,4,4,8,0,Jaipur,21500000.0
2500,4,4,15,0,Jaipur,22500000.0
1700,3,3,12,0,Jaipur,9500000.0
2200,4,4,10,0,Jaipur,18500000.0
3500,6,6,20,0,Jaipur,45000000.0
2000,4,4,15,0,Jaipur,15500000.0
1900,3,3,25,0,Jaipur,16500000.0
2200,4,4,1,0,Jaipur,15500000.0
1800,3,3,10,0,Jaipur,8800000.0
2100,4,4,5,0,Jaipur,12500000.0
2400,4,4,2,0,Jaipur,18500000.0
2000,4,4,3,0,Jaipur,11500000.0
2200,4,4,6,0,Jaipur,18500000.0
1800,4,3,8,0,Jaipur,8800000.0
3200,5,5,20,0,Jaipur,38000000.0
1800,3,3,28,0,Jaipur,15500000.0
1100,1,1,10,0,Jaipur,12500000.0
1200,1,1,15,0,Jaipur,13500000.0
850,1,1,8,0,Jaipur,6500000.0
750,1,1,12,0,Jaipur,4200000.0
600,1,1,5,0,Jaipur,3200000.0
700,1,1,3,0,Jaipur,3500000.0
800,1,1,6,0,Jaipur,5800000.0
900,1,1,4,0,Jaipur,6800000.0
1000,1,1,20,0,Jaipur,8500000.0
800,1,1,30,0,Jaipur,7500000.0
950,1,1,15,0,Jaipur,7200000.0
1100,1,1,12,0,Jaipur,9800000.0
850,1,1,14,0,Jaipur,6500000.0
650,1,1,10,0,Jaipur,3200000.0
700,1,1,15,0,Jaipur,3500000.0
900,1,1,12,0,Jaipur,6500000.0
1100,1,1,25,0,Jaipur,12500000.0
1000,1,1,20,0,Jaipur,11000000.0
850,1,1,3,0,Jaipur,5800000.0
750,1,1,5,0,Jaipur,3800000.0
600,1,1,8,0,Jaipur,2200000.0
650,1,1,12,0,Jaipur,2800000.0
800,1,1,4,0,Jaipur,4500000.0
1000,1,1,15,0,Jaipur,8500000.0
1100,1,1,18,0,Jaipur,9500000.0
750,1,1,15,0,Jaipur,3200000.0
900,1,1,10,0,Jaipur,7200000.0
1200,1,1,25,0,Jaipur,14500000.0
850,1,1,22,0,Jaipur,6200000.0
800,1,1,30,0,Jaipur,6500000.0
900,1,1,2,0,Jaipur,5500000.0
750,1,1,10,0,Jaipur,3200000.0
850,1,1,12,0,Jaipur,4500000.0
1000,1,1,3,0,Jaipur,6800000.0
950,1,1,4,0,Jaipur,4200000.0
1050,1,1,8,0,Jaipur,7500000.0
800,1,1,10,0,Jaipur,3200000.0
1100,1,1,25,0,Jaipur,11500000.0
850,1,1,28,0,Jaipur,6800000.0
2300,3,3,15,0,Jaipur,28500000.0
2500,3,4,18,0,Jaipur,31000000.0
1600,3,2,10,0,Jaipur,12500000.0
1450,3,3,15,0,Jaipur,9200000.0
1300,3,2,5,0,Jaipur,7800000.0
1500,3,3,4,0,Jaipur,8500000.0
1900,3,3,8,0,Jaipur,13500000.0
1750,3,3,6,0,Jaipur,13500000.0
1900,3,3,20,0,Jaipur,15500000.0
1600,3,2,30,0,Jaipur,14500000.0
1800,3,3,12,0,Jaipur,15500000.0
2100,3,3,15,0,Jaipur,18500000.0
1650,3,3,10,0,Jaipur,11500000.0
1200,3,2,8,0,Jaipur,6200000.0
1350,3,3,15,0,Jaipur,6800000.0
1600,3,2,11,0,Jaipur,11800000.0
2200,3,3,22,0,Jaipur,26000000.0
1800,3,2,20,0,Jaipur,18500000.0
1550,3,3,4,0,Jaipur,10500000.0
1450,3,2,5,0,Jaipur,7800000.0
1250,3,3,8,0,Jaipur,5200000.0
1350,3,2,14,0,Jaipur,6500000.0
1600,3,3,5,0,Jaipur,8800000.0
1850,3,3,12,0,Jaipur,15500000.0
2000,3,4,16,0,Jaipur,17500000.0
1400,3,2,18,0,Jaipur,6800000.0
1800,3,3,9,0,Jaipur,13800000.0
2400,3,3,21,0,Jaipur,26500000.0
1500,3,2,22,0,Jaipur,10500000.0
1450,3,3,28,0,Jaipur,11500000.0
1800,3,3,3,0,Jaipur,11500000.0
1350,3,2,11,0,Jaipur,6200000.0
1550,3,3,9,0,Jaipur,8800000.0
1850,3,3,4,0,Jaipur,12500000.0
1650,3,3,5,0,Jaipur,8500000.0
1550,3,2,10,0,Jaipur,11500000.0
1300,3,2,7,0,Jaipur,5800000.0
2000,3,3,24,0,Jaipur,21500000.0
1500,3,2,28,0,Jaipur,12500000.0
3200,5,5,5,0,Jaipur,48000000.0
3800,5,6,8,0,Jaipur,55000000.0
2800,5,5,10,0,Jaipur,31000000.0
2400,5,5,12,0,Jaipur,17500000.0
2200,5,5,4,0,Jaipur,12500000.0
2500,5,5,3,0,Jaipur,15500000.0
2600,5,5,5,0,Jaipur,19500000.0
3400,5,6,2,0,Jaipur,35000000.0
2900,5,5,14,0,Jaipur,27500000.0
2700,5,5,22,0,Jaipur,25500000.0
2500,5,5,15,0,Jaipur,22000000.0
3100,5,5,11,0,Jaipur,31000000.0
2300,5,5,12,0,Jaipur,19500000.0
1900,5,4,6,0,Jaipur,11000000.0
2100,5,5,14,0,Jaipur,12500000.0
2300,5,5,8,0,Jaipur,18500000.0
3300,5,5,20,0,Jaipur,45000000.0
3100,5,5,18,0,Jaipur,38000000.0
2200,5,5,5,0,Jaipur,16500000.0
2000,5,5,6,0,Jaipur,12500000.0
1900,5,4,7,0,Jaipur,9500000.0
1700,5,5,11,0,Jaipur,9200000.0
2200,5,5,4,0,Jaipur,14500000.0
2500,5,5,9,0,Jaipur,24500000.0
2600,5,5,15,0,Jaipur,25500000.0
1800,5,5,14,0,Jaipur,10500000.0
2300,5,5,11,0,Jaipur,21500000.0
3600,5,6,18,0,Jaipur,48000000.0
2100,5,5,16,0,Jaipur,17500000.0
2000,5,5,25,0,Jaipur,19500000.0
2300,5,5,3,0,Jaipur,17500000.0
1900,5,5,10,0,Jaipur,9800000.0
2200,5,5,6,0,Jaipur,14500000.0
2500,5,5,2,0,Jaipur,21500000.0
2100,5,5,4,0,Jaipur,12500000.0
2300,5,5,7,0,Jaipur,21000000.0
1900,5,4,9,0,Jaipur,9800000.0
3300,5,6,18,0,Jaipur,42000000.0
1900,5,5,25,0,Jaipur,18500000.0
1400,2,2,15,0,Jaipur,15500000.0
1600,2,2,18,0,Jaipur,17500000.0
1000,2,2,12,0,Jaipur,7500000.0
900,2,1,15,0,Jaipur,5500000.0
850,2,2,8,0,Jaipur,4800000.0
950,2,2,4,0,Jaipur,4500000.0
1100,2,2,10,0,Jaipur,7500000.0
1300,2,2,6,0,Jaipur,8500000.0
1450,2,2,18,0,Jaipur,10500000.0
1200,2,2,25,0,Jaipur,9500000.0
1250,2,2,14,0,Jaipur,9200000.0
1400,2,2,12,0,Jaipur,12500000.0
1100,2,2,11,0,Jaipur,8200000.0
850,2,2,9,0,Jaipur,4200000.0
900,2,1,15,0,Jaipur,3800000.0
1150,2,2,13,0,Jaipur,8500000.0
1350,2,2,28,0,Jaipur,14500000.0
1250,2,2,22,0,Jaipur,12500000.0
1100,2,2,5,0,Jaipur,7200000.0
950,2,2,6,0,Jaipur,4800000.0
800,2,1,10,0,Jaipur,2800000.0
850,2,2,15,0,Jaipur,3500000.0
1050,2,2,5,0,Jaipur,5800000.0
1300,2,2,14,0,Jaipur,10500000.0
1400,2,2,18,0,Jaipur,11500000.0
950,2,1,15,0,Jaipur,3800000.0
1200,2,2,10,0,Jaipur,8800000.0
1500,2,2,25,0,Jaipur,16500000.0
1100,2,2,22,0,Jaipur,7500000.0
1050,2,1,30,0,Jaipur,8200000.0
1150,2,2,4,0,Jaipur,6200000.0
950,2,2,12,0,Jaipur,3800000.0
1050,2,2,14,0,Jaipur,5200000.0
1250,2,2,5,0,Jaipur,7800000.0
1100,2,2,6,0,Jaipur,5200000.0
1250,2,2,8,0,Jaipur,8800000.0
950,2,1,10,0,Jaipur,3800000.0
1400,2,2,28,0,Jaipur,13500000.0
1100,2,1,30,0,Jaipur,8200000.0
3500,4,4,3,0,Jaipur,45000000.0
3800,4,5,12,0,Jaipur,48000000.0
2800,4,4,5,0,Jaipur,29500000.0
2400,4,4,10,0,Jaipur,16500000.0
2100,4,4,2,0,Jaipur,12500000.0
2300,4,4,4,0,Jaipur,13500000.0
2500,4,4,5,0,Jaipur,18500000.0
3200,4,5,3,0,Jaipur,28500000.0
2800,4,4,15,0,Jaipur,25500000.0
2600,4,3,28,0,Jaipur,24500000.0
2400,4,4,10,0,Jaipur,19500000.0
3000,4,4,8,0,Jaipur,27500000.0
2200,4,4,12,0,Jaipur,17500000.0
1900,4,4,4,0,Jaipur,11500000.0
2000,4,3,14,0,Jaipur,11000000.0
2400,4,4,7,0,Jaipur,19500000.0
3500,4,5,25,0,Jaipur,48000000.0
3200,4,4,18,0,Jaipur,36000000.0
2300,4,4,3,0,Jaipur,15500000.0
2100,4,4,4,0,Jaipur,12500000.0
2000,4,3,6,0,Jaipur,9800000.0
1800,4,4,12,0,Jaipur,10500000.0
2300,4,4,2,0,Jaipur,14800000.0
2600,4,4,10,0,Jaipur,24500000.0
2800,4,4,18,0,Jaipur,26500000.0
1900,4,3,15,0,Jaipur,11500000.0
2400,4,4,11,0,Jaipur,19500000.0
3800,4,5,22,0,Jaipur,48000000.0
2200,4,4,18,0,Jaipur,17500000.0
2100,4,3,25,0,Jaipur,18500000.0
2400,4,4,2,0,Jaipur,16500000.0
2000,4,4,10,0,Jaipur,10500000.0
2300,4,4,8,0,Jaipur,14500000.0
2600,4,4,3,0,Jaipur,20500000.0
2200,4,4,4,0,Jaipur,12800000.0
2400,4,4,8,0,Jaipur,22500000.0
2000,4,3,10,0,Jaipur,10500000.0
3400,4,5,20,0,Jaipur,41000000.0
2000,4,4,28,0,Jaipur,19500000.0
1900,3,3,8,0,Jaipur,24500000.0
2200,3,3,15,0,Jaipur,26500000.0
1750,3,3,4,0,Jaipur,15500000.0
1600,3,3,10,0,Jaipur,11500000.0
1500,3,3,2,0,Jaipur,9800000.0
1700,3,3,3,0,Jaipur,9200000.0
2000,3,3,5,0,Jaipur,16500000.0
1950,3,3,1,0,Jaipur,14800000.0
1800,3,3,18,0,Jaipur,16500000.0
1700,3,3,25,0,Jaipur,16500000.0
2000,3,3,10,0,Jaipur,17500000.0
2300,3,3,12,0,Jaipur,21500000.0
1850,3,3,12,0,Jaipur,14500000.0
1450,3,3,6,0,Jaipur,7800000.0
1550,3,3,15,0,Jaipur,7500000.0
1750,3,3,9,0,Jaipur,14500000.0
2400,3,3,28,0,Jaipur,29500000.0
2100,3,3,22,0,Jaipur,22500000.0
1750,3,3,2,0,Jaipur,12800000.0
1550,3,3,4,0,Jaipur,8800000.0
1450,3,2,5,0,Jaipur,6500000.0
1500,3,3,12,0,Jaipur,7200000.0
1800,3,3,1,0,Jaipur,11500000.0
1950,3,3,11,0,Jaipur,17500000.0
2100,3,3,15,0,Jaipur,18500000.0
1500,3,2,15,0,Jaipur,7200000.0
1950,3,3,10,0,Jaipur,16500000.0
2600,3,3,20,0,Jaipur,32000000.0
1700,3,3,18,0,Jaipur,12500000.0
1550,3,3,25,0,Jaipur,12500000.0
1900,3,3,1,0,Jaipur,12800000.0
1600,3,3,9,0,Jaipur,7200000.0
1750,3,3,7,0,Jaipur,11000000.0
2000,3,3,2,0,Jaipur,14500000.0
1900,3,3,3,0,Jaipur,10500000.0
1850,3,3,6,0,Jaipur,15500000.0
1500,3,2,8,0,Jaipur,6800000.0
2200,3,3,22,0,Jaipur,25500000.0
1700,3,3,25,0,Jaipur,15500000.0
3000,4,4,4,0,Jaipur,39500000.0
3200,4,4,10,0,Jaipur,41000000.0
2400,4,4,6,0,Jaipur,26500000.0
2100,4,4,12,0,Jaipur,15500000.0
1950,4,4,3,0,Jaipur,11500000.0
2000,4,4,2,0,Jaipur,12500000.0
2200,4,4,4,0,Jaipur,16500000.0
2800,4,4,3,0,Jaipur,24500000.0
2500,4,4,15,0,Jaipur,22500000.0
2400,4,4,28,0,Jaipur,22500000.0
2300,4,4,12,0,Jaipur,18500000.0
2700,4,4,10,0,Jaipur,24500000.0
2000,4,4,10,0,Jaipur,15500000.0
1700,4,4,5,0,Jaipur,9500000.0
1850,4,4,15,0,Jaipur,10500000.0
2100,4,4,8,0,Jaipur,16500000.0
2800,4,4,22,0,Jaipur,35000000.0
2600,4,4,20,0,Jaipur,29500000.0
2000,4,4,4,0,Jaipur,13500000.0
1900,4,4,5,0,Jaipur,10500000.0
1800,4,3,7,0,Jaipur,8800000.0
1600,4,4,14,0,Jaipur,8800000.0
2100,4,4,3,0,Jaipur,13500000.0
2300,4,4,12,0,Jaipur,21500000.0
2500,4,4,15,0,Jaipur,22500000.0
1750,4,4,12,0,Jaipur,9800000.0
2200,4,4,10,0,Jaipur,18500000.0
3200,4,4,21,0,Jaipur,39500000.0
2000,4,4,18,0,Jaipur,15500000.0
1950,4,3,25,0,Jaipur,16500000.0
2200,4,4,2,0,Jaipur,15500000.0
1850,4,4,11,0,Jaipur,9500000.0
2100,4,4,6,0,Jaipur,13500000.0
2400,4,4,4,0,Jaipur,18500000.0
2100,4,4,5,0,Jaipur,11500000.0
2300,4,4,7,0,Jaipur,19500000.0
1900,4,3,10,0,Jaipur,9200000.0
2800,4,4,22,0,Jaipur,34500000.0
1850,4,4,28,0,Jaipur,17500000.0
1700,2,2,12,0,Jaipur,18500000.0
1900,2,2,15,0,Jaipur,21000000.0
1150,2,2,10,0,Jaipur,8500000.0
1000,2,2,12,0,Jaipur,6500000.0
950,2,2,6,0,Jaipur,5500000.0
1050,2,2,4,0,Jaipur,5200000.0
1200,2,2,8,0,Jaipur,8800000.0
1400,2,2,5,0,Jaipur,9500000.0
1600,2,2,18,0,Jaipur,12500000.0
1300,2,2,25,0,Jaipur,11500000.0
1350,2,2,12,0,Jaipur,10500000.0
1500,2,2,10,0,Jaipur,14500000.0
1200,2,2,11,0,Jaipur,8800000.0
950,2,2,8,0,Jaipur,4800000.0
1000,2,1,15,0,Jaipur,4500000.0
1250,2,2,12,0,Jaipur,9500000.0
1450,2,2,28,0,Jaipur,16500000.0
1350,2,2,20,0,Jaipur,14500000.0
1200,2,2,4,0,Jaipur,8200000.0
1050,2,2,5,0,Jaipur,5500000.0
900,2,1,8,0,Jaipur,3200000.0
950,2,2,15,0,Jaipur,4200000.0
1150,2,2,5,0,Jaipur,6500000.0
4000,6,6,15,0,Chandigarh,450000000.0
3500,5,5,10,0,Chandigarh,320000000.0
3800,5,5,20,0,Chandigarh,380000000.0
3200,4,4,25,0,Chandigarh,280000000.0
3000,4,4,12,0,Chandigarh,250000000.0
1200,3,2,28,0,Chandigarh,14500000.0
1800,3,3,22,0,Chandigarh,21000000.0
1400,2,2,30,0,Chandigarh,18500000.0
1600,3,3,25,0,Chandigarh,19500000.0
1350,3,2,20,0,Chandigarh,16500000.0
2400,4,4,18,0,Chandigarh,31000000.0
1100,2,2,28,0,Chandigarh,13500000.0
1500,3,3,15,0,Chandigarh,17500000.0
1450,3,2,22,0,Chandigarh,15500000.0
2200,4,4,12,0,Chandigarh,28500000.0
1300,3,2,20,0,Chandigarh,14000000.0
2100,4,3,18,0,Chandigarh,35000000.0
1900,3,3,14,0,Chandigarh,26500000.0
1550,3,3,10,0,Chandigarh,18500000.0
1400,3,2,15,0,Chandigarh,16000000.0
1250,2,2,20,0,Chandigarh,12500000.0
950,2,2,25,0,Chandigarh,8500000.0
1600,3,3,12,0,Chandigarh,21000000.0
1800,3,3,10,0,Chandigarh,24500000.0
1400,3,2,18,0,Chandigarh,16500000.0
1150,2,2,22,0,Chandigarh,9500000.0
1300,3,2,20,0,Chandigarh,11500000.0
1200,2,2,15,0,Chandigarh,11000000.0
1100,2,2,8,0,Chandigarh,18500000.0
1500,3,3,5,0,Chandigarh,28000000.0
1150,3,4,6,0,Chandigarh,19000000.0
1100,2,2,4,0,Chandigarh,18000000.0
724,1,1,10,0,Chandigarh,7500000.0
1400,3,3,2,0,Chandigarh,9500000.0
1200,2,2,3,0,Chandigarh,8500000.0
1050,2,2,5,0,Chandigarh,5500000.0
2000,3,2,1,0,Chandigarh,13000000.0
1350,3,2,20,0,Chandigarh,11500000.0
1100,2,2,25,0,Chandigarh,8500000.0
1132,2,2,15,0,Chandigarh,14000000.0
1250,3,3,2,0,Chandigarh,7200000.0
1500,3,3,5,0,Chandigarh,8500000.0
1488,3,2,8,0,Chandigarh,8200000.0
1540,3,3,4,0,Chandigarh,7800000.0
958,3,1,10,0,Chandigarh,3000000.0
1100,2,2,12,0,Chandigarh,4500000.0
2050,3,3,8,0,Chandigarh,16000000.0
1800,3,3,5,0,Chandigarh,18500000.0
900,2,1,15,0,Chandigarh,4500000.0
1200,2,2,3,0,Chandigarh,6000000.0
3800,6,5,20,0,Chandigarh,420000000.0
2800,4,4,15,0,Chandigarh,220000000.0
3500,5,5,12,0,Chandigarh,310000000.0
3000,4,4,18,0,Chandigarh,240000000.0
2500,4,4,5,0,Chandigarh,27500000.0
1100,2,2,25,0,Chandigarh,12000000.0
1600,3,3,20,0,Chandigarh,19500000.0
1300,3,2,30,0,Chandigarh,16500000.0
1500,3,3,12,0,Chandigarh,18500000.0
1200,2,2,28,0,Chandigarh,14500000.0
2100,4,4,10,0,Chandigarh,29000000.0
1050,2,2,30,0,Chandigarh,11500000.0
1400,3,3,22,0,Chandigarh,16000000.0
1350,3,2,15,0,Chandigarh,14000000.0
1800,3,3,25,0,Chandigarh,21000000.0
1200,2,2,28,0,Chandigarh,12500000.0
1600,3,3,18,0,Chandigarh,24500000.0
1800,4,3,12,0,Chandigarh,31000000.0
1450,3,3,15,0,Chandigarh,17500000.0
1300,3,2,20,0,Chandigarh,15000000.0
1150,2,2,22,0,Chandigarh,11000000.0
900,2,1,30,0,Chandigarh,7500000.0
1500,3,3,14,0,Chandigarh,19500000.0
1700,3,2,25,0,Chandigarh,26000000.0
1500,3,2,10,0,Chandigarh,40000000.0
1500,3,2,12,0,Chandigarh,25000000.0
1250,3,2,18,0,Chandigarh,13500000.0
1280,2,2,9,0,Chandigarh,18000000.0
1100,2,2,12,0,Chandigarh,16500000.0
1500,3,3,4,0,Chandigarh,27500000.0
1100,2,2,15,0,Chandigarh,19000000.0
1150,2,2,2,0,Chandigarh,21000000.0
837,2,2,1,0,Chandigarh,6670000.0
1305,2,2,2,0,Chandigarh,12000000.0
950,2,2,3,0,Chandigarh,10100000.0
1650,3,3,4,0,Chandigarh,11000000.0
1200,2,2,2,0,Chandigarh,6500000.0
1400,3,3,12,0,Chandigarh,13000000.0
1250,3,2,20,0,Chandigarh,16500000.0
1350,3,3,1,0,Chandigarh,9500000.0
1100,2,2,4,0,Chandigarh,6200000.0
1150,2,2,6,0,Chandigarh,5500000.0
1300,3,3,3,0,Chandigarh,7200000.0
1050,2,2,8,0,Chandigarh,4000000.0
800,2,1,30,0,Chandigarh,2200000.0
950,2,2,15,0,Chandigarh,6800000.0
1800,3,3,12,0,Chandigarh,46000000.0
1000,3,2,25,0,Chandigarh,16500000.0
700,2,2,1,0,Chandigarh,6900000.0
2500,4,4,0,0,Chandigarh,27500000.0
3500,5,5,20,0,Chandigarh,380000000.0
3200,4,4,12,0,Chandigarh,295000000.0
4000,6,6,25,0,Chandigarh,550000000.0
2800,4,4,30,0,Chandigarh,210000000.0
2200,3,3,28,0,Chandigarh,195000000.0
1150,3,2,25,0,Chandigarh,11500000.0
1700,3,3,20,0,Chandigarh,18500000.0
1500,3,3,25,0,Chandigarh,22500000.0
1450,3,2,28,0,Chandigarh,17500000.0
1300,2,2,30,0,Chandigarh,15500000.0
2000,4,3,22,0,Chandigarh,26500000.0
1000,2,1,30,0,Chandigarh,9500000.0
1350,3,2,25,0,Chandigarh,14500000.0
1250,2,2,30,0,Chandigarh,12500000.0
2100,4,4,20,0,Chandigarh,27500000.0
1150,2,2,30,0,Chandigarh,11000000.0
1900,3,3,25,0,Chandigarh,31000000.0
2000,4,4,22,0,Chandigarh,42000000.0
1400,3,2,28,0,Chandigarh,16500000.0
1350,3,2,25,0,Chandigarh,14500000.0
1100,2,2,30,0,Chandigarh,9800000.0
900,2,1,35,0,Chandigarh,6800000.0
1550,3,3,22,0,Chandigarh,18500000.0
1650,3,2,25,0,Chandigarh,23500000.0
1450,3,3,28,0,Chandigarh,15500000.0
1100,2,1,35,0,Chandigarh,8500000.0
1200,2,2,30,0,Chandigarh,10500000.0
1150,2,2,25,0,Chandigarh,10000000.0
1180,2,2,12,0,Chandigarh,17500000.0
1450,3,3,8,0,Chandigarh,26000000.0
1120,2,2,10,0,Chandigarh,18500000.0
1050,2,2,5,0,Chandigarh,17500000.0
1330,2,2,2,0,Chandigarh,11000000.0
1270,2,2,1,0,Chandigarh,10000000.0
1260,2,2,1,0,Chandigarh,10000000.0
1550,3,2,3,0,Chandigarh,10500000.0
1150,2,2,4,0,Chandigarh,6200000.0
1300,3,2,15,0,Chandigarh,11000000.0
1200,3,3,22,0,Chandigarh,15500000.0
1400,3,2,2,0,Chandigarh,8800000.0
1050,2,2,5,0,Chandigarh,5800000.0
1100,2,2,10,0,Chandigarh,5200000.0
1250,3,2,4,0,Chandigarh,6800000.0
900,2,1,15,0,Chandigarh,3500000.0
750,2,1,40,0,Chandigarh,1800000.0
900,2,1,20,0,Chandigarh,6200000.0
1700,3,2,18,0,Chandigarh,44000000.0
950,2,2,30,0,Chandigarh,15500000.0
1140,2,2,0,0,Chandigarh,6000000.0
2400,4,3,5,0,Chandigarh,26500000.0
4000,5,6,25,0,Chandigarh,500000000.0
3000,4,4,20,0,Chandigarh,285000000.0
3700,5,5,15,0,Chandigarh,350000000.0
2700,4,4,35,0,Chandigarh,195000000.0
2100,3,3,30,0,Chandigarh,185000000.0
1100,3,2,40,0,Chandigarh,11000000.0
1650,3,3,25,0,Chandigarh,17500000.0
1450,3,2,30,0,Chandigarh,21000000.0
1400,3,3,35,0,Chandigarh,16500000.0
1250,2,2,40,0,Chandigarh,13500000.0
1900,4,3,30,0,Chandigarh,24500000.0
950,2,1,45,0,Chandigarh,8500000.0
1300,3,2,30,0,Chandigarh,13500000.0
1200,2,1,40,0,Chandigarh,11500000.0
2000,4,4,25,0,Chandigarh,26500000.0
1100,2,2,40,0,Chandigarh,9800000.0
1850,3,3,30,0,Chandigarh,29500000.0
1950,4,4,28,0,Chandigarh,41000000.0
1350,3,2,35,0,Chandigarh,15500000.0
1300,3,2,30,0,Chandigarh,13500000.0
1050,2,2,40,0,Chandigarh,8800000.0
850,2,1,45,0,Chandigarh,5800000.0
1500,3,3,30,0,Chandigarh,17500000.0
1600,3,2,35,0,Chandigarh,22500000.0
1400,3,3,40,0,Chandigarh,14500000.0
1050,2,1,45,0,Chandigarh,7500000.0
1150,2,2,40,0,Chandigarh,9500000.0
1100,2,2,35,0,Chandigarh,8800000.0
1150,2,2,15,0,Chandigarh,16500000.0
1400,3,3,12,0,Chandigarh,24500000.0
1100,2,2,18,0,Chandigarh,17500000.0
1000,2,2,10,0,Chandigarh,16500000.0
1300,2,2,5,0,Chandigarh,10500000.0
1250,2,2,4,0,Chandigarh,9500000.0
1200,2,2,6,0,Chandigarh,9200000.0
1500,3,2,8,0,Chandigarh,9800000.0
1100,2,2,6,0,Chandigarh,5800000.0
1250,3,2,20,0,Chandigarh,10500000.0
1150,3,3,25,0,Chandigarh,14500000.0
1350,3,2,5,0,Chandigarh,8200000.0
1000,2,2,8,0,Chandigarh,5200000.0
1050,2,2,12,0,Chandigarh,4800000.0
1200,3,2,6,0,Chandigarh,6200000.0
850,2,1,20,0,Chandigarh,3200000.0
700,2,1,50,0,Chandigarh,1500000.0
850,2,1,30,0,Chandigarh,5800000.0
1650,3,2,25,0,Chandigarh,42000000.0
900,2,2,40,0,Chandigarh,14500000.0
1100,2,2,2,0,Chandigarh,5800000.0
2300,4,3,10,0,Chandigarh,25500000.0
4000,6,7,30,0,Chandigarh,650000000.0
2800,4,4,25,0,Chandigarh,265000000.0
3500,5,5,20,0,Chandigarh,320000000.0
2600,4,4,40,0,Chandigarh,185000000.0
2000,3,3,35,0,Chandigarh,175000000.0
1050,3,2,50,0,Chandigarh,10500000.0
1600,3,3,35,0,Chandigarh,16500000.0
1400,3,2,40,0,Chandigarh,19500000.0
1350,3,3,45,0,Chandigarh,15500000.0
1200,2,2,50,0,Chandigarh,12500000.0
1800,4,3,40,0,Chandigarh,22500000.0
900,2,1,55,0,Chandigarh,7500000.0
1250,3,2,40,0,Chandigarh,12500000.0
1150,2,1,50,0,Chandigarh,10500000.0
1900,4,4,35,0,Chandigarh,24500000.0
1050,2,2,50,0,Chandigarh,8800000.0
1800,3,3,40,0,Chandigarh,28500000.0
1900,4,4,38,0,Chandigarh,39500000.0
1300,3,2,45,0,Chandigarh,14500000.0
1250,3,2,40,0,Chandigarh,12500000.0
1000,2,2,50,0,Chandigarh,7800000.0
800,2,1,55,0,Chandigarh,4800000.0
1450,3,3,40,0,Chandigarh,16500000.0
1550,3,2,45,0,Chandigarh,21000000.0
1350,3,3,50,0,Chandigarh,13500000.0
1000,2,1,55,0,Chandigarh,6500000.0
1100,2,2,50,0,Chandigarh,8500000.0
1050,2,2,45,0,Chandigarh,7800000.0
1100,2,2,25,0,Chandigarh,15500000.0
1350,3,3,20,0,Chandigarh,22500000.0
1050,2,2,28,0,Chandigarh,16500000.0
950,2,2,20,0,Chandigarh,15500000.0
1250,2,2,12,0,Chandigarh,9500000.0
1200,2,2,10,0,Chandigarh,8800000.0
1150,2,2,15,0,Chandigarh,8200000.0
1450,3,2,20,0,Chandigarh,8800000.0
1050,2,2,12,0,Chandigarh,5200000.0
1200,3,2,30,0,Chandigarh,9500000.0
1100,3,3,35,0,Chandigarh,13500000.0
1300,3,2,15,0,Chandigarh,7500000.0
950,2,2,20,0,Chandigarh,4800000.0
1000,2,2,22,0,Chandigarh,4500000.0
1150,3,2,15,0,Chandigarh,5800000.0
800,2,1,30,0,Chandigarh,2800000.0
650,2,1,60,0,Chandigarh,1200000.0
800,2,1,40,0,Chandigarh,5200000.0
1600,3,2,35,0,Chandigarh,39500000.0
850,2,2,50,0,Chandigarh,13500000.0
1050,2,2,10,0,Chandigarh,5200000.0
2200,4,3,15,0,Chandigarh,24500000.0
4000,7,8,30,0,Chandigarh,850000000.0
2800,4,4,25,0,Chandigarh,245000000.0
3500,5,5,20,0,Chandigarh,295000000.0
2600,4,4,40,0,Chandigarh,165000000.0
2000,3,3,35,0,Chandigarh,155000000.0
1000,3,2,50,0,Chandigarh,9500000.0
1550,3,3,35,0,Chandigarh,15500000.0
1350,3,2,40,0,Chandigarh,18500000.0
1300,3,3,45,0,Chandigarh,14500000.0
1150,2,2,50,0,Chandigarh,11500000.0
1750,4,3,40,0,Chandigarh,21500000.0
850,2,1,55,0,Chandigarh,6500000.0
1200,3,2,40,0,Chandigarh,11500000.0
1100,2,1,50,0,Chandigarh,9500000.0
1850,4,4,35,0,Chandigarh,22500000.0
1000,2,2,50,0,Chandigarh,7800000.0
1750,3,3,40,0,Chandigarh,26500000.0
1850,4,4,38,0,Chandigarh,37500000.0
1250,3,2,45,0,Chandigarh,13500000.0
1200,3,2,40,0,Chandigarh,11500000.0
950,2,2,50,0,Chandigarh,6800000.0
750,2,1,55,0,Chandigarh,3800000.0
1400,3,3,40,0,Chandigarh,15500000.0
1500,3,2,45,0,Chandigarh,19500000.0
1300,3,3,50,0,Chandigarh,12500000.0
950,2,1,55,0,Chandigarh,5500000.0
1050,2,2,50,0,Chandigarh,7500000.0
1000,2,2,45,0,Chandigarh,6800000.0
1050,2,2,25,0,Chandigarh,14500000.0
1300,3,3,20,0,Chandigarh,21500000.0
1000,2,2,28,0,Chandigarh,15500000.0
900,2,2,20,0,Chandigarh,14500000.0
1200,2,2,12,0,Chandigarh,8800000.0
1150,2,2,10,0,Chandigarh,8200000.0
1100,2,2,15,0,Chandigarh,7500000.0
1400,3,2,20,0,Chandigarh,8200000.0
1000,2,2,12,0,Chandigarh,4800000.0
1150,3,2,30,0,Chandigarh,8800000.0
1050,3,3,35,0,Chandigarh,12500000.0
1250,3,2,15,0,Chandigarh,6800000.0
900,2,2,20,0,Chandigarh,4200000.0
950,2,2,22,0,Chandigarh,3900000.0
1100,3,2,15,0,Chandigarh,5200000.0
750,2,1,30,0,Chandigarh,2500000.0
600,2,1,60,0,Chandigarh,1000000.0
750,2,1,40,0,Chandigarh,4800000.0
1550,3,2,35,0,Chandigarh,37500000.0
800,2,2,50,0,Chandigarh,12500000.0
1000,2,2,10,0,Chandigarh,4800000.0
2100,4,3,15,0,Chandigarh,22500000.0
4000,7,8,30,0,Chandigarh,780000000.0
2800,4,4,25,0,Chandigarh,235000000.0
3500,5,5,20,0,Chandigarh,285000000.0
2600,4,4,40,0,Chandigarh,155000000.0
2000,3,3,35,0,Chandigarh,145000000.0
950,3,2,50,0,Chandigarh,8800000.0
1500,3,3,35,0,Chandigarh,14500000.0
1300,3,2,40,0,Chandigarh,17500000.0
1250,3,3,45,0,Chandigarh,13500000.0
1100,2,2,50,0,Chandigarh,10500000.0
1700,4,3,40,0,Chandigarh,20500000.0
800,2,1,55,0,Chandigarh,5800000.0
1150,3,2,40,0,Chandigarh,10500000.0
1050,2,1,50,0,Chandigarh,8800000.0
1800,4,4,35,0,Chandigarh,21500000.0
950,2,2,50,0,Chandigarh,6800000.0
1700,3,3,40,0,Chandigarh,25500000.0
1800,4,4,38,0,Chandigarh,36500000.0
1200,3,2,45,0,Chandigarh,12500000.0
1150,3,2,40,0,Chandigarh,10500000.0
900,2,2,50,0,Chandigarh,5800000.0
700,2,1,55,0,Chandigarh,2800000.0
1350,3,3,40,0,Chandigarh,14500000.0
1450,3,2,45,0,Chandigarh,18500000.0
1250,3,3,50,0,Chandigarh,11500000.0
900,2,1,55,0,Chandigarh,4500000.0
1000,2,2,50,0,Chandigarh,6500000.0
950,2,2,45,0,Chandigarh,5800000.0
1000,2,2,25,0,Chandigarh,13500000.0
1250,3,3,20,0,Chandigarh,20500000.0
950,2,2,28,0,Chandigarh,14500000.0
850,2,2,20,0,Chandigarh,13500000.0
1150,2,2,12,0,Chandigarh,8200000.0
1100,2,2,10,0,Chandigarh,7500000.0
1050,2,2,15,0,Chandigarh,6800000.0
1350,3,2,20,0,Chandigarh,7500000.0
950,2,2,12,0,Chandigarh,4200000.0
1100,3,2,30,0,Chandigarh,8200000.0
1000,3,3,35,0,Chandigarh,11500000.0
1200,3,2,15,0,Chandigarh,6200000.0
850,2,2,20,0,Chandigarh,3800000.0
900,2,2,22,0,Chandigarh,3500000.0
1050,3,2,15,0,Chandigarh,4800000.0
700,2,1,30,0,Chandigarh,2200000.0
550,2,1,60,0,Chandigarh,800000.0
700,2,1,40,0,Chandigarh,4200000.0
1500,3,2,35,0,Chandigarh,36500000.0
750,2,2,50,0,Chandigarh,11500000.0
950,2,2,10,0,Chandigarh,4200000.0
2000,4,3,15,0,Chandigarh,21500000.0
4000,7,8,30,0,Chandigarh,720000000.0
2800,4,4,25,0,Chandigarh,225000000.0
3500,5,5,20,0,Chandigarh,275000000.0
2600,4,4,40,0,Chandigarh,145000000.0
2000,3,3,35,0,Chandigarh,135000000.0
900,3,2,50,0,Chandigarh,8200000.0
1450,3,3,35,0,Chandigarh,13500000.0
1300,3,2,40,0,Chandigarh,16500000.0
1200,3,3,45,0,Chandigarh,12500000.0
1050,2,2,50,0,Chandigarh,9500000.0
1650,4,3,40,0,Chandigarh,19500000.0
750,2,1,55,0,Chandigarh,5200000.0
1100,3,2,40,0,Chandigarh,9500000.0
1000,2,1,50,0,Chandigarh,8200000.0
1750,4,4,35,0,Chandigarh,20500000.0
900,2,2,50,0,Chandigarh,6200000.0
1650,3,3,40,0,Chandigarh,24500000.0
1750,4,4,38,0,Chandigarh,35500000.0
1150,3,2,45,0,Chandigarh,11500000.0
1100,3,2,40,0,Chandigarh,9500000.0
850,2,2,50,0,Chandigarh,5200000.0
650,2,1,55,0,Chandigarh,2200000.0
1300,3,3,40,0,Chandigarh,13500000.0
1400,3,2,45,0,Chandigarh,17500000.0
1200,3,3,50,0,Chandigarh,10500000.0
850,2,1,55,0,Chandigarh,3800000.0
950,2,2,50,0,Chandigarh,5800000.0
900,2,2,45,0,Chandigarh,5200000.0
950,2,2,25,0,Chandigarh,12500000.0
1200,3,3,20,0,Chandigarh,19500000.0
900,2,2,28,0,Chandigarh,13500000.0
800,2,2,20,0,Chandigarh,12500000.0
1100,2,2,12,0,Chandigarh,7500000.0
1050,2,2,10,0,Chandigarh,6800000.0
1000,2,2,15,0,Chandigarh,6200000.0
1300,3,2,20,0,Chandigarh,6800000.0
900,2,2,12,0,Chandigarh,3800000.0
1050,3,2,30,0,Chandigarh,7500000.0
950,3,3,35,0,Chandigarh,10500000.0
1150,3,2,15,0,Chandigarh,5500000.0
800,2,2,20,0,Chandigarh,3200000.0
850,2,2,22,0,Chandigarh,3200000.0
1000,3,2,15,0,Chandigarh,4200000.0
650,2,1,30,0,Chandigarh,1800000.0
500,2,1,60,0,Chandigarh,500000.0
650,2,1,40,0,Chandigarh,3500000.0
1450,3,2,35,0,Chandigarh,35500000.0
700,2,2,50,0,Chandigarh,10500000.0
900,2,2,10,0,Chandigarh,3800000.0
1900,4,3,15,0,Chandigarh,20500000.0
4000,7,8,30,0,Chandigarh,680000000.0
2800,4,4,25,0,Chandigarh,215000000.0
3500,5,5,20,0,Chandigarh,265000000.0
2600,4,4,40,0,Chandigarh,135000000.0
2000,3,3,35,0,Chandigarh,125000000.0
850,3,2,50,0,Chandigarh,7500000.0
1400,3,3,35,0,Chandigarh,12500000.0
1300,3,2,40,0,Chandigarh,16500000.0
1150,3,3,45,0,Chandigarh,11500000.0
1000,2,2,50,0,Chandigarh,8500000.0
1600,4,3,40,0,Chandigarh,18500000.0
700,2,1,55,0,Chandigarh,4500000.0
1050,3,2,40,0,Chandigarh,8500000.0
950,2,1,50,0,Chandigarh,7500000.0
1700,4,4,35,0,Chandigarh,19500000.0
850,2,2,50,0,Chandigarh,5500000.0
1600,3,3,40,0,Chandigarh,23500000.0
1700,4,4,38,0,Chandigarh,34500000.0
1100,3,2,45,0,Chandigarh,10500000.0
1050,3,2,40,0,Chandigarh,8500000.0
800,2,2,50,0,Chandigarh,4500000.0
600,2,1,55,0,Chandigarh,1500000.0
1250,3,3,40,0,Chandigarh,12500000.0
1350,3,2,45,0,Chandigarh,16500000.0
1150,3,3,50,0,Chandigarh,9500000.0
800,2,1,55,0,Chandigarh,2800000.0
900,2,2,50,0,Chandigarh,4800000.0
850,2,2,45,0,Chandigarh,4200000.0
900,2,2,25,0,Chandigarh,11500000.0
1150,3,3,20,0,Chandigarh,18500000.0
850,2,2,28,0,Chandigarh,12500000.0
750,2,2,20,0,Chandigarh,11500000.0
1050,2,2,12,0,Chandigarh,6800000.0
1000,2,2,10,0,Chandigarh,6200000.0
950,2,2,15,0,Chandigarh,5500000.0
1250,3,2,20,0,Chandigarh,6200000.0
850,2,2,12,0,Chandigarh,3200000.0
1000,3,2,30,0,Chandigarh,6500000.0
900,3,3,35,0,Chandigarh,9500000.0
1100,3,2,15,0,Chandigarh,4800000.0
750,2,2,20,0,Chandigarh,2500000.0
800,2,2,22,0,Chandigarh,2500000.0
950,3,2,15,0,Chandigarh,3500000.0
600,2,1,30,0,Chandigarh,1200000.0
450,2,1,60,0,Chandigarh,300000.0
600,2,1,40,0,Chandigarh,2800000.0
1400,3,2,35,0,Chandigarh,34500000.0
650,2,2,50,0,Chandigarh,9500000.0
850,2,2,10,0,Chandigarh,3200000.0
1800,4,3,15,0,Chandigarh,19500000.0
4000,7,8,30,0,Chandigarh,650000000.0
2800,4,4,25,0,Chandigarh,210000000.0
3500,5,5,20,0,Chandigarh,260000000.0
2600,4,4,40,0,Chandigarh,130000000.0
2000,3,3,35,0,Chandigarh,120000000.0
800,3,2,50,0,Chandigarh,6800000.0
1350,3,3,35,0,Chandigarh,11500000.0
1300,3,2,40,0,Chandigarh,16500000.0
1100,3,3,45,0,Chandigarh,10500000.0
950,2,2,50,0,Chandigarh,7500000.0
1550,4,3,40,0,Chandigarh,17500000.0
650,2,1,55,0,Chandigarh,3800000.0
1000,3,2,40,0,Chandigarh,7500000.0
900,2,1,50,0,Chandigarh,6800000.0
1650,4,4,35,0,Chandigarh,18500000.0
800,2,2,50,0,Chandigarh,4800000.0
1550,3,3,40,0,Chandigarh,22500000.0
1650,4,4,38,0,Chandigarh,33500000.0
1050,3,2,45,0,Chandigarh,9500000.0
1000,3,2,40,0,Chandigarh,7500000.0
750,2,2,50,0,Chandigarh,3800000.0
550,2,1,55,0,Chandigarh,800000.0
1200,3,3,40,0,Chandigarh,11500000.0
1300,3,2,45,0,Chandigarh,15500000.0
1100,3,3,50,0,Chandigarh,8500000.0
750,2,1,55,0,Chandigarh,2200000.0
850,2,2,50,0,Chandigarh,3800000.0
800,2,2,45,0,Chandigarh,3200000.0
850,2,2,25,0,Chandigarh,10500000.0
1100,3,3,20,0,Chandigarh,17500000.0
800,2,2,28,0,Chandigarh,11500000.0
700,2,2,20,0,Chandigarh,10500000.0
1000,2,2,12,0,Chandigarh,6200000.0
950,2,2,10,0,Chandigarh,5500000.0
900,2,2,15,0,Chandigarh,4800000.0
1200,3,2,20,0,Chandigarh,5500000.0
800,2,2,12,0,Chandigarh,2500000.0
950,3,2,30,0,Chandigarh,5800000.0
850,3,3,35,0,Chandigarh,8500000.0
1050,3,2,15,0,Chandigarh,3900000.0
700,2,2,20,0,Chandigarh,2200000.0
750,2,2,22,0,Chandigarh,2500000.0
900,3,2,15,0,Chandigarh,3200000.0
550,2,1,30,0,Chandigarh,800000.0
400,2,1,60,0,Chandigarh,200000.0
600,2,1,40,0,Chandigarh,2200000.0
1350,3,2,35,0,Chandigarh,33500000.0
600,2,2,50,0,Chandigarh,8500000.0
800,2,2,10,0,Chandigarh,2500000.0
